GOLD,FOREX_RESERVES,INFLATION_YOY,OIL,INTEREST_RATE,USDPKR,M2,YEAR,MONTH,QUARTER,MONTH_SIN,MONTH_COS,USDPKR_diff,REAL_INTEREST,OIL_IN_PKR,KSE100_lag1,KSE100_lag3,KSE100_lag12,INFLATION_YOY_lag1,INFLATION_YOY_lag3,INFLATION_YOY_lag12,INTEREST_RATE_lag1,INTEREST_RATE_lag3,INTEREST_RATE_lag12,USDPKR_lag1,USDPKR_lag3,USDPKR_lag12,OIL_lag1,OIL_lag3,OIL_lag12,FOREX_RESERVES_lag1,FOREX_RESERVES_lag3,FOREX_RESERVES_lag12,GOLD_lag1,GOLD_lag3,GOLD_lag12,M2_lag1,M2_lag3,M2_lag12,KSE100_roll_mean3,KSE100_roll_std3,OIL_roll_mean3,OIL_roll_std3,GOLD_roll_mean3,GOLD_roll_std3
613.5,8.45,60.6686796869823,73.9800033569336,6.37,60.09999847412109,16808.81,2006,6,2,1.2246467991473532e-16,-1.0,-0.4199981689453125,-54.298679686982304,4446.1980888671815,9800.6904296875,11485.900390625,7450.1201171875,60.3155649964002,59.4350131730497,56.359786500638,21.32,5.29,16.66,59.70000076293945,60.02000045776367,59.70000076293945,71.29000091552734,66.62999725341797,56.5,24.28,7.31,19.35,642.5,581.7999877929688,435.8999938964844,16168.58,15906.39,15483.85,10876.253580729166,934.2332047303724,69.93333180745442,2.875941289664915,625.3666585286459,38.01530668665684
634.2000122070312,14.51,61.6430974407406,74.4000015258789,12.09,60.22999954223633,16700.42,2006,7,3,-0.4999999999999997,-0.8660254037844388,0.3999977111816335,-49.5530974407406,4481.112057846069,9989.41015625,11342.169921875,7178.93017578125,60.6686796869823,60.0429068175962,57.2716269674578,6.37,19.27,5.4,60.09999847412109,60.119998931884766,59.65999984741211,73.9800033569336,71.87999725341797,60.56999969482422,8.45,22.11,7.42,613.5,651.7999877929688,429.8999938964844,16808.81,16366.51,15564.04,10377.423502604166,840.8064723349693,72.38333384195964,1.4138737831632804,635.9333292643229,19.97656476095305
625.9000244140625,16.85,62.4119041088436,70.26000213623047,14.3,60.22999954223633,17052.68,2006,8,3,-0.8660254037844384,-0.5000000000000004,0.1300010681152414,-48.1119041088436,4231.759896502685,10497.66015625,9800.6904296875,7796.85986328125,61.6430974407406,60.3155649964002,57.2939759985073,12.09,21.32,5.76,60.22999954223633,59.70000076293945,59.63999938964844,74.4000015258789,71.29000091552734,68.94000244140625,14.51,24.28,7.81,634.2000122070312,642.5,433.7999877929688,16700.42,16168.58,15206.35,10095.920247395834,360.48578276135873,73.22333526611328,1.6874347095061166,630.0666707356771,14.935306618518863
598.5999755859375,19.02,62.6085755820792,62.90999984741211,16.35,60.5,16901.94,2006,9,3,-1.0,-1.8369701987210294e-16,0.0,-46.2585755820792,3806.0549907684326,10063.5400390625,9989.41015625,8225.66015625,62.4119041088436,60.6686796869823,57.580043595941,14.3,6.37,21.69,60.22999954223633,60.09999847412109,59.70000076293945,70.26000213623047,73.9800033569336,66.23999786376953,16.85,8.45,24.67,625.9000244140625,613.5,469.0,17052.68,16808.81,15142.11,10183.536783854166,274.55223491249313,72.88000233968098,2.278683921705663,624.5333455403646,10.417460568714828
604.0999755859375,22.5,62.8320658925742,58.72999954223633,19.64,60.5,17206.46,2006,10,4,-0.8660254037844386,0.5000000000000001,0.2700004577636719,-43.1920658925742,3553.164972305298,10512.51953125,10497.66015625,8247.3701171875,62.6085755820792,61.6430974407406,58.1208901473389,16.35,12.09,19.87,60.5,60.22999954223633,59.71500015258789,62.90999984741211,74.4000015258789,59.7599983215332,19.02,14.51,22.75,598.5999755859375,634.2000122070312,465.1000061035156,16901.94,16700.42,16123.78,10357.906575520834,255.0371416013787,69.1900011698405,5.819253491114565,619.5666707356771,18.62590074244729
646.9000244140625,19.78,63.2879861259841,63.130001068115234,17.07,60.84999847412109,17908.2,2006,11,4,-0.5000000000000004,0.8660254037844384,0.0,-46.2179861259841,3841.4604686660746,11327.7099609375,10063.5400390625,9026.58984375,62.8320658925742,62.4119041088436,58.5634009621191,19.64,14.3,21.94,60.5,60.22999954223633,59.720001220703125,58.72999954223633,70.26000213623047,57.31999969482422,22.5,16.85,24.93,604.0999755859375,625.9000244140625,494.6000061035156,17206.46,17052.68,15814.6,10634.58984375,640.8644698676501,63.96666717529297,5.837178199758516,609.5333251953125,14.438287034403524
635.2000122070312,9.7,63.5874631420475,61.04999923706055,7.55,60.75,17037.81,2006,12,4,-2.4492935982947064e-16,1.0,0.3499984741210866,-56.0374631420475,3708.787453651428,10619.4697265625,10512.51953125,9556.6103515625,63.2879861259841,62.6085755820792,58.4024879385627,17.07,16.35,15.25,60.84999847412109,60.5,59.7400016784668,63.130001068115234,62.90999984741211,61.040000915527344,19.78,19.02,17.86,646.9000244140625,598.5999755859375,517.0999755859375,17908.2,16901.94,15906.55,10819.899739583334,443.0158030512783,61.59000015258789,2.4792746424481105,616.5333251953125,26.44172490745597
652.0,19.5,63.0287373658099,58.13999938964844,16.8,60.400001525878906,17853.6,2007,1,1,0.4999999999999999,0.8660254037844387,-0.0999984741210866,-46.22873736580991,3511.6560518493643,10040.5,11327.7099609375,10523.3701171875,63.5874631420475,62.8320658925742,59.1042475135171,7.55,19.64,15.45,60.75,60.5,59.845001220703125,61.04999923706055,58.72999954223633,67.91999816894531,9.7,22.5,18.07,635.2000122070312,604.0999755859375,570.7999877929688,17037.81,17206.46,16138.03,10662.559895833334,644.6859257809338,60.96999994913737,2.2010913819024744,628.7333374023438,22.1206794017434
669.4000244140625,8.56,63.6813290724554,61.790000915527344,6.47,60.84999847412109,17543.46,2007,2,1,0.8660254037844386,0.5000000000000001,-0.3499984741210937,-57.2113290724554,3759.9214614257794,11272.330078125,10619.4697265625,11456.1201171875,63.0287373658099,63.2879861259841,59.2964491805428,16.8,17.07,17.32,60.400001525878906,60.84999847412109,59.91999816894531,58.13999938964844,63.130001068115234,61.40999984741211,19.5,19.78,20.04,652.0,646.9000244140625,561.5999755859375,17853.6,17908.2,16185.46,10644.099934895834,616.2842856306384,60.77333323160807,2.506479053713623,644.7000122070312,8.613358099159388
663.0,9.61,63.9942155071484,65.87000274658203,7.46,60.880001068115234,18331.22,2007,3,1,1.0,6.123233995736766e-17,0.4499969482421804,-56.5342155071484,4010.165837568668,11180.01953125,10040.5,11485.900390625,63.6813290724554,63.5874631420475,59.4350131730497,6.47,7.55,5.29,60.84999847412109,60.75,60.02000045776367,61.790000915527344,61.04999923706055,66.62999725341797,8.56,9.7,7.31,669.4000244140625,635.2000122070312,581.7999877929688,17543.46,17037.81,15906.39,10830.949869791666,686.1038964736575,60.32666651407877,1.9295168970060248,652.2000122070312,17.100883380766057
680.5,8.68,64.195356786594,65.70999908447266,6.59,60.68000030517578,17566.66,2007,4,2,0.8660254037844387,-0.4999999999999998,0.0300025939941477,-57.605356786594,3987.282764498901,11271.58984375,11272.330078125,11342.169921875,63.9942155071484,63.0287373658099,60.0429068175962,7.46,16.8,19.27,60.880001068115234,60.400001525878906,60.119998931884766,65.87000274658203,58.13999938964844,71.87999725341797,9.61,19.5,22.11,663.0,652.0,651.7999877929688,18331.22,17853.6,16366.51,11241.313151041666,53.08312214918083,61.93333435058594,3.866994482767649,661.4666748046875,8.800768547036078
661.0,17.52,64.7853712063008,64.01000213623047,14.94,60.709999084472656,18325.35,2007,5,2,0.4999999999999999,-0.8660254037844387,-0.2000007629394531,-49.8453712063008,3886.047171087645,12369.7001953125,11180.01953125,9800.6904296875,64.195356786594,63.6813290724554,60.3155649964002,6.59,6.47,21.32,60.68000030517578,60.84999847412109,59.70000076293945,65.70999908447266,61.790000915527344,71.29000091552734,8.68,8.56,24.28,680.5,669.4000244140625,642.5,17566.66,17543.46,16168.58,11607.103190104166,662.0135382281654,64.45666758219402,2.3107863653538887,670.9666748046875,8.854563517469934
648.0999755859375,8.75,64.914995586388,70.68000030517578,6.65,60.47999954223633,18104.72,2007,6,2,1.2246467991473532e-16,-1.0,0.029998779296875,-58.264995586388,4274.726386102295,12961.1396484375,11271.58984375,9989.41015625,64.7853712063008,63.9942155071484,60.6686796869823,14.94,7.46,6.37,60.709999084472656,60.880001068115234,60.09999847412109,64.01000213623047,65.87000274658203,73.9800033569336,17.52,9.61,8.45,661.0,663.0,613.5,18325.35,18331.22,16808.81,12200.809895833334,857.3433300455033,65.19666798909505,1.0307920147819392,668.1666666666666,10.72769002783952
666.9000244140625,9.68,65.5720570992433,78.20999908447266,7.54,59.900001525878906,18906.53,2007,7,3,-0.4999999999999997,-0.8660254037844388,-0.2299995422363281,-58.032057099243296,4684.7790644989,13772.4599609375,12369.7001953125,10497.66015625,64.914995586388,64.195356786594,61.6430974407406,6.65,6.59,12.09,60.47999954223633,60.68000030517578,60.22999954223633,70.68000030517578,65.70999908447266,74.4000015258789,8.75,8.68,14.51,648.0999755859375,680.5,634.2000122070312,18104.72,17566.66,16700.42,13034.433268229166,704.2461970367315,66.8000005086263,3.4660202281472885,663.1999918619791,16.311663577103786
673.0,9.65,66.4391995039641,74.04000091552734,7.5,60.65999984741211,18505.32,2007,8,3,-0.8660254037844384,-0.5000000000000004,-0.5799980163574219,-58.939199503964105,4491.266444238281,13739.5302734375,12961.1396484375,10063.5400390625,65.5720570992433,64.7853712063008,62.4119041088436,7.54,14.94,14.3,59.900001525878906,60.709999084472656,60.22999954223633,78.20999908447266,64.01000213623047,70.26000213623047,9.68,17.52,16.85,666.9000244140625,661.0,625.9000244140625,18906.53,18325.35,17052.68,13491.043294270834,459.2052879489789,70.96666717529297,7.10433753092707,658.6666666666666,9.614769488571955
742.7999877929688,24.23,67.8516582662927,81.66000366210938,21.27,60.630001068115234,19525.73,2007,9,3,-1.0,-1.8369701987210294e-16,0.7599983215332031,-46.58165826629271,4951.046109255985,12214.259765625,13772.4599609375,10512.51953125,66.4391995039641,64.914995586388,62.6085755820792,7.5,6.65,16.35,60.65999984741211,60.47999954223633,60.5,74.04000091552734,70.68000030517578,62.90999984741211,9.65,8.75,19.02,673.0,648.0999755859375,598.5999755859375,18505.32,18104.72,16901.94,13242.083333333334,890.273584822231,74.31000010172527,3.772253315256514,662.6666666666666,12.978589766163966
792.0,15.17,68.6830422213343,94.52999877929688,12.72,60.63999938964844,19010.45,2007,10,4,-0.8660254037844386,0.5000000000000001,-0.029998779296875,-55.96304222133431,5732.29906828003,13353.6796875,13739.5302734375,11327.7099609375,67.8516582662927,65.5720570992433,62.8320658925742,21.27,7.54,19.64,60.630001068115234,59.900001525878906,60.5,81.66000366210938,78.20999908447266,58.72999954223633,24.23,9.68,22.5,742.7999877929688,666.9000244140625,604.0999755859375,19525.73,18906.53,17206.46,13102.489908854166,793.0540707749736,77.97000122070312,3.815666350120234,694.2333374023438,42.17039332471585
782.2000122070312,23.98,68.7769081517422,88.70999908447266,21.03,61.09999847412109,18939.91,2007,11,4,-0.5000000000000004,0.8660254037844384,0.0099983215332031,-47.74690815174221,5420.180808700562,14321.3896484375,12214.259765625,10619.4697265625,68.6830422213343,66.4391995039641,63.2879861259841,12.72,7.5,17.07,60.63999938964844,60.65999984741211,60.84999847412109,94.52999877929688,74.04000091552734,63.130001068115234,15.17,9.65,19.78,792.0,673.0,646.9000244140625,19010.45,18505.32,17908.2,13296.443033854166,1054.730350208424,83.41000111897786,10.35648933947236,735.9333292643229,59.79643174564743
834.9000244140625,12.09,69.1791907106333,95.9800033569336,9.81,61.75,18713.6,2007,12,4,-2.4492935982947064e-16,1.0,0.4599990844726491,-59.369190710633305,5926.765207290649,13998.51953125,13353.6796875,10040.5,68.7769081517422,67.8516582662927,63.5874631420475,21.03,21.27,7.55,61.09999847412109,60.630001068115234,60.75,88.70999908447266,81.66000366210938,61.04999923706055,23.98,24.23,9.7,782.2000122070312,742.7999877929688,635.2000122070312,18939.91,19525.73,17037.81,13891.1962890625,492.70107657650016,88.3000005086263,6.44478608669478,772.3333333333334,26.041770567506223
922.7000122070312,23.13,70.5022533487639,91.75,20.23,62.45000076293945,19887.46,2008,1,1,0.4999999999999999,0.8660254037844387,0.6500015258789134,-50.2722533487639,5729.787569999695,14077.16015625,14321.3896484375,11272.330078125,69.1791907106333,68.6830422213343,63.0287373658099,9.81,12.72,16.8,61.75,60.63999938964844,60.400001525878906,95.9800033569336,94.52999877929688,58.13999938964844,12.09,15.17,19.5,834.9000244140625,792.0,652.0,18713.6,19010.45,17853.6,14132.3564453125,168.3634487882421,93.07333374023438,3.8476805100502265,803.0333455403646,28.02898244701828
972.0999755859376,20.04,70.8464284269262,101.83999633789062,17.31,62.59999847412109,19409.11,2008,2,1,0.8660254037844386,0.5000000000000001,0.7000007629394531,-53.53642842692619,6375.18361535645,14016.9404296875,13998.51953125,11180.01953125,70.5022533487639,68.7769081517422,63.6813290724554,20.23,21.03,6.47,62.45000076293945,61.09999847412109,60.84999847412109,91.75,88.70999908447266,61.790000915527344,23.13,23.98,8.56,922.7000122070312,782.2000122070312,669.4000244140625,19887.46,18939.91,17543.46,14030.873372395834,41.13006375491253,92.14666748046876,3.651198344098308,846.6000162760416,70.97696708917576
916.2000122070312,16.38,73.0276938573577,101.58000183105467,13.86,62.54999923706055,19632.8,2008,3,1,1.0,6.123233995736766e-17,0.1499977111816335,-59.167693857357705,6353.829037033079,14934.2998046875,14077.16015625,11271.58984375,70.8464284269262,69.1791907106333,63.9942155071484,17.31,9.81,7.46,62.59999847412109,61.75,60.880001068115234,101.83999633789062,95.9800033569336,65.87000274658203,20.04,12.09,9.61,972.0999755859376,834.9000244140625,663.0,19409.11,18713.6,18331.22,14342.800130208334,513.1378981799489,96.52333323160808,5.066893726850501,909.9000040690104,69.48983239756349
862.7999877929688,19.1,75.2447177374686,113.45999908447266,16.42,64.5,20700.83,2008,4,2,0.8660254037844387,-0.4999999999999998,-0.0499992370605397,-58.8247177374686,7318.169940948486,15125.8896484375,14016.9404296875,12369.7001953125,73.0276938573577,70.5022533487639,64.195356786594,13.86,20.23,6.59,62.54999923706055,62.45000076293945,60.68000030517578,101.58000183105467,91.75,65.70999908447266,16.38,23.13,8.68,916.2000122070312,922.7000122070312,680.5,19632.8,19887.46,17566.66,14692.376627604166,592.737049752358,98.38999938964844,5.751877363678309,937.0,30.57071661901733
887.2999877929688,11.34,77.2695399505535,127.3499984741211,9.1,66.19999694824219,20382.18,2008,5,2,0.4999999999999999,-0.8660254037844387,1.950000762939453,-68.1695399505535,8430.569510345464,15122.4697265625,14934.2998046875,12961.1396484375,75.2447177374686,70.8464284269262,64.7853712063008,16.42,17.31,14.94,64.5,62.59999847412109,60.709999084472656,113.45999908447266,101.83999633789062,64.01000213623047,19.1,20.04,17.52,862.7999877929688,972.0999755859376,661.0,20700.83,19409.11,18325.35,15060.886393229166,109.64053659742396,105.62666575113931,6.785111098517808,917.0333251953124,54.65475862894562
926.2000122070312,21.2,78.8920796047475,140.0,18.41,68.0999984741211,20747.56,2008,6,2,1.2246467991473532e-16,-1.0,1.6999969482421875,-60.4820796047475,9533.999786376951,12130.509765625,15125.8896484375,13772.4599609375,77.2695399505535,73.0276938573577,64.914995586388,9.1,13.86,6.65,66.19999694824219,62.54999923706055,60.47999954223633,127.3499984741211,101.58000183105467,70.68000030517578,11.34,16.38,8.75,887.2999877929688,916.2000122070312,648.0999755859375,20382.18,19632.8,18104.72,14126.289713541666,1728.3969811203956,114.12999979654948,12.898056344331536,888.7666625976562,26.730207688920515
913.9000244140624,13.79,81.524795462379,124.08000183105467,11.41,71.1500015258789,20744.31,2008,7,3,-0.4999999999999997,-0.8660254037844388,1.9000015258789065,-70.114795462379,8828.292319610597,12289.0302734375,15122.4697265625,13739.5302734375,78.8920796047475,75.2447177374686,65.5720570992433,18.41,16.42,7.54,68.0999984741211,64.5,59.900001525878906,140.0,113.45999908447266,78.20999908447266,21.2,19.1,9.68,926.2000122070312,862.7999877929688,666.9000244140625,20747.56,20700.83,18906.53,13180.669921875,1683.514790241711,126.93666585286458,13.27482749571133,892.0999959309896,31.97140648329241
829.2999877929688,17.65,82.9542912083593,115.45999908447266,15.06,75.9000015258789,20732.27,2008,8,3,-0.8660254037844384,-0.5000000000000004,3.0500030517578125,-67.89429120835929,8763.414106689452,10583.580078125,12130.509765625,12214.259765625,81.524795462379,77.2695399505535,66.4391995039641,11.41,9.1,7.5,71.1500015258789,66.19999694824219,60.65999984741211,124.08000183105467,127.3499984741211,74.04000091552734,13.79,11.34,9.65,913.9000244140624,887.2999877929688,673.0,20744.31,20382.18,18505.32,11667.706705729166,942.2208320556116,130.47666676839194,8.40795018964811,909.133341471354,19.883257393120587
874.2000122070312,10.53,83.614616654472,100.63999938964844,8.33,77.9000015258789,21289.32,2008,9,3,-1.0,-1.8369701987210294e-16,4.75,-75.284616654472,7839.8561060180655,9208.259765625,12289.0302734375,13353.6796875,82.9542912083593,78.8920796047475,67.8516582662927,15.06,18.41,21.27,75.9000015258789,68.0999984741211,60.630001068115234,115.45999908447266,140.0,81.66000366210938,17.65,21.2,24.23,829.2999877929688,926.2000122070312,742.7999877929688,20732.27,20747.56,19525.73,10693.623372395834,1543.3304491949557,126.51333363850912,12.449648147534004,889.8000081380209,52.754258323293314
716.7999877929688,21.18,84.775628427857,67.80999755859375,18.39,81.19999694824219,20606.23,2008,10,4,-0.8660254037844386,0.5000000000000001,2.0,-66.385628427857,5506.171594818123,9179.6796875,10583.580078125,14321.3896484375,83.614616654472,81.524795462379,68.6830422213343,8.33,11.41,12.72,77.9000015258789,71.1500015258789,60.63999938964844,100.63999938964844,124.08000183105467,94.52999877929688,10.53,13.79,15.17,874.2000122070312,913.9000244140624,792.0,21289.32,20744.31,19010.45,9657.173177083334,802.4191641153803,113.3933334350586,11.85587444236536,872.4666748046875,42.32664518935495
816.2000122070312,13.09,84.5071444552617,54.43000030517578,10.76,78.30000305175781,21740.36,2008,11,4,-0.5000000000000004,0.8660254037844384,3.299995422363281,-73.74714445526169,4261.869190002442,9182.8798828125,9208.259765625,13998.51953125,84.775628427857,82.9542912083593,68.7769081517422,18.39,15.06,21.03,81.19999694824219,75.9000015258789,61.09999847412109,67.80999755859375,115.45999908447266,88.70999908447266,21.18,17.65,23.98,716.7999877929688,829.2999877929688,782.2000122070312,20606.23,20732.27,18939.91,9190.273111979166,15.658866323620844,94.63666534423828,24.38566538152381,806.7666625976562,81.08332121746929
883.5999755859375,19.38,84.3039673949194,44.59999847412109,16.69,78.75,21003.48,2008,12,4,-2.4492935982947064e-16,1.0,-2.899993896484375,-67.6139673949194,3512.249879837036,9187.099609375,9179.6796875,14077.16015625,84.5071444552617,83.614616654472,69.1791907106333,10.76,8.33,9.81,78.30000305175781,77.9000015258789,61.75,54.43000030517578,100.63999938964844,95.9800033569336,13.09,10.53,12.09,816.2000122070312,874.2000122070312,834.9000244140625,21740.36,21289.32,18713.6,9183.2197265625,3.721616649883664,74.29333241780598,23.777431043307544,802.4000040690104,79.60227440120103
927.2999877929688,15.34,84.5071444552617,41.68000030517578,12.87,78.9000015258789,21805.68,2009,1,1,0.4999999999999999,0.8660254037844387,0.4499969482421875,-71.63714445526169,3288.5520876770024,5865.009765625,9182.8798828125,14016.9404296875,84.3039673949194,84.775628427857,70.5022533487639,16.69,18.39,20.23,78.75,81.19999694824219,62.45000076293945,44.59999847412109,67.80999755859375,91.75,19.38,21.18,23.13,883.5999755859375,716.7999877929688,922.7000122070312,21003.48,20606.23,19887.46,8078.329752604167,1916.7924966188075,55.61333211263021,11.650159655567014,805.5333251953125,83.91002705748738
941.5,7.83,85.6681562286467,44.7599983215332,5.79,79.55000305175781,21958.88,2009,2,1,0.8660254037844386,0.5000000000000001,0.1500015258789062,-79.87815622864669,3560.658003074641,5377.419921875,9187.099609375,14934.2998046875,84.5071444552617,84.5071444552617,70.8464284269262,12.87,10.76,17.31,78.9000015258789,78.30000305175781,62.59999847412109,41.68000030517578,54.43000030517578,101.83999633789062,15.34,13.09,20.04,927.2999877929688,816.2000122070312,972.0999755859376,21805.68,21740.36,19409.11,6809.843098958333,2073.1491386706502,46.903333028157554,6.679793226654487,875.6999918619791,55.96971012010217
922.5999755859376,18.28,85.980178142744,49.65999984741211,15.66,80.3499984741211,22713.28,2009,3,1,1.0,6.123233995736766e-17,0.6500015258789062,-70.320178142744,3990.1809119644167,5727.4599609375,5865.009765625,15125.8896484375,85.6681562286467,84.3039673949194,73.0276938573577,5.79,16.69,13.86,79.55000305175781,78.75,62.54999923706055,44.7599983215332,44.59999847412109,101.58000183105467,7.83,19.38,16.38,941.5,883.5999755859375,916.2000122070312,21958.88,21003.48,19632.8,5656.6298828125,251.39339471718927,43.67999903361002,1.7338962405784708,917.4666544596354,30.17654784962647
890.7000122070312,18.32,86.8436806491991,51.119998931884766,15.69,80.0,22292.73,2009,4,2,0.8660254037844387,-0.4999999999999998,0.7999954223632812,-71.1536806491991,4089.599914550781,6860.22021484375,5377.419921875,15122.4697265625,85.980178142744,84.5071444552617,75.2447177374686,15.66,12.87,16.42,80.3499984741211,78.9000015258789,64.5,49.65999984741211,41.68000030517578,113.45999908447266,18.28,15.34,19.1,922.5999755859376,927.2999877929688,862.7999877929688,22713.28,21805.68,20700.83,5988.36669921875,775.0667208489042,45.36666615804037,4.024441895643111,930.4666544596354,9.83989654653858
978.7999877929688,13.02,86.7856300605298,66.30999755859375,10.68,80.5999984741211,22590.91,2009,5,2,0.4999999999999999,-0.8660254037844387,-0.3499984741210937,-76.10563006052979,5344.58570204163,7202.10009765625,5727.4599609375,12130.509765625,86.8436806491991,85.6681562286467,77.2695399505535,15.69,5.79,9.1,80.0,79.55000305175781,66.19999694824219,51.119998931884766,44.7599983215332,127.3499984741211,18.32,7.83,11.34,890.7000122070312,941.5,887.2999877929688,22292.73,21958.88,20382.18,6596.593424479167,771.8582749792363,48.51333236694336,3.3314466338194397,918.2666625976562,25.67572571578948
927.0999755859376,11.32,87.5402877132301,69.88999938964844,9.08,81.26000213623047,22090.63,2009,6,2,1.2246467991473532e-16,-1.0,0.5999984741210938,-78.4602877132301,5679.261499703978,7276.60986328125,6860.22021484375,12289.0302734375,86.7856300605298,85.980178142744,78.8920796047475,10.68,15.66,18.41,80.5999984741211,80.3499984741211,68.0999984741211,66.30999755859375,49.65999984741211,140.0,13.02,18.28,21.2,978.7999877929688,922.5999755859376,926.2000122070312,22590.91,22713.28,20747.56,7112.976725260417,222.0412494602765,55.69666544596354,9.220358628133807,930.6999918619792,44.60503471935664
953.7000122070312,9.27,88.8609386054555,69.44999694824219,7.14,82.8499984741211,21867.98,2009,7,3,-0.4999999999999997,-0.8660254037844388,0.660003662109375,-81.7209386054555,5753.93214118958,7162.18017578125,7202.10009765625,10583.580078125,87.5402877132301,86.8436806491991,81.524795462379,9.08,15.69,11.41,81.26000213623047,80.0,71.1500015258789,69.88999938964844,51.119998931884766,124.08000183105467,11.32,18.32,13.79,927.0999755859376,890.7000122070312,913.9000244140624,22090.63,22292.73,20744.31,7213.630045572917,58.07962740546277,62.43999862670898,9.965485341703122,932.1999918619792,44.27086004442228
951.7000122070312,8.33,90.4718424410272,69.95999908447266,6.25,82.80000305175781,22515.58,2009,8,3,-0.8660254037844384,-0.5000000000000004,1.589996337890625,-84.2218424410272,5792.68813769531,7720.93017578125,7276.60986328125,9208.259765625,88.8609386054555,86.7856300605298,82.9542912083593,7.14,10.68,15.06,82.8499984741211,80.5999984741211,75.9000015258789,69.44999694824219,66.30999755859375,115.45999908447266,9.27,13.02,17.65,953.7000122070312,978.7999877929688,829.2999877929688,21867.98,22590.91,20732.27,7386.573404947917,295.15991597252355,68.5499979654948,1.95233242668722,953.1999918619792,25.85363283585337
1008.0,10.36,90.624225236284,70.61000061035156,8.17,82.94999694824219,22503.35,2009,9,3,-1.0,-1.8369701987210294e-16,-0.0499954223632812,-82.454225236284,5857.099335144041,8675.669921875,7162.18017578125,9179.6796875,90.4718424410272,87.5402877132301,83.614616654472,6.25,9.08,8.33,82.80000305175781,81.26000213623047,77.9000015258789,69.95999908447266,69.88999938964844,100.63999938964844,8.33,11.32,10.53,951.7000122070312,927.0999755859376,874.2000122070312,22515.58,22090.63,21289.32,7852.9267578125,765.3300765902774,69.76666514078777,0.2764670820231332,944.1666666666666,14.813978477573045
1039.699951171875,17.08,91.1684495050582,77.0,14.52,83.55000305175781,23333.08,2009,10,4,-0.8660254037844386,0.5000000000000001,0.149993896484375,-76.64844950505821,6433.350234985352,9349.669921875,7720.93017578125,9182.8798828125,90.624225236284,88.8609386054555,84.775628427857,8.17,7.14,18.39,82.94999694824219,82.8499984741211,81.19999694824219,70.61000061035156,69.44999694824219,67.80999755859375,10.36,9.27,21.18,1008.0,953.7000122070312,716.7999877929688,22503.35,21867.98,20606.23,8582.090006510416,818.3924428696266,70.0066655476888,0.5814081553560956,971.133341471354,31.94311949858784
1181.0999755859375,19.0,92.3729992199452,77.27999877929688,16.33,83.4000015258789,23480.54,2009,11,4,-0.5000000000000004,0.8660254037844384,0.600006103515625,-76.0429992199452,6445.152016113279,9159.1796875,8675.669921875,9187.099609375,91.1684495050582,90.4718424410272,84.5071444552617,14.52,6.25,10.76,83.55000305175781,82.80000305175781,78.30000305175781,77.0,69.95999908447266,54.43000030517578,17.08,8.33,13.09,1039.699951171875,951.7000122070312,816.2000122070312,23333.08,22515.58,21740.36,9061.506510416666,347.45364747137785,72.52333323160808,3.8905056885096094,999.7999877929688,44.56935566732928
1095.199951171875,18.97,91.6981611266652,79.36000061035156,16.31,84.30000305175781,23141.79,2009,12,4,-2.4492935982947064e-16,1.0,-0.1500015258789062,-75.3881611266652,6690.048293640139,9204.5703125,9349.669921875,5865.009765625,92.3729992199452,90.624225236284,84.3039673949194,16.33,8.17,16.69,83.4000015258789,82.94999694824219,78.75,77.27999877929688,70.61000061035156,44.59999847412109,19.0,10.36,19.38,1181.0999755859375,1008.0,883.5999755859375,23480.54,22503.35,21003.48,9237.806640625,99.49935918630668,74.96333312988281,3.772695037808397,1076.2666422526042,92.16150258870796
1083.0,20.73,94.0709789385208,72.88999938964844,17.97,83.74500274658203,23746.91,2010,1,1,0.4999999999999999,0.8660254037844387,0.9000015258789062,-76.1009789385208,6104.173199084471,9386.919921875,9159.1796875,5377.419921875,91.6981611266652,91.1684495050582,84.5071444552617,16.31,14.52,12.87,84.30000305175781,83.55000305175781,78.9000015258789,79.36000061035156,77.0,41.68000030517578,18.97,17.08,15.34,1095.199951171875,1039.699951171875,927.2999877929688,23141.79,23333.08,21805.68,9250.223307291666,120.53858526787832,77.87999979654948,1.2893415512341906,1105.3332926432292,71.24257984594577
1118.300048828125,21.98,94.4265387941199,79.66000366210938,19.14,85.0,24262.57,2010,2,1,0.8660254037844386,0.5000000000000001,-0.5550003051757812,-75.2865387941199,6771.100311279297,9614.1904296875,9204.5703125,5727.4599609375,94.0709789385208,92.3729992199452,85.6681562286467,17.97,16.33,5.79,83.74500274658203,83.4000015258789,79.55000305175781,72.88999938964844,77.27999877929688,44.7599983215332,20.73,19.0,7.83,1083.0,1181.0999755859375,941.5,23746.91,23480.54,21958.88,9401.8935546875,205.22016801688537,76.50999959309895,3.303014230824625,1119.7666422526042,53.46534424730345
1113.300048828125,17.41,95.6020632146723,83.76000213623047,14.83,83.75,23813.34,2010,3,1,1.0,6.123233995736766e-17,1.2549972534179688,-80.7720632146723,7014.900178909302,9657.7900390625,9386.919921875,6860.22021484375,94.4265387941199,91.6981611266652,85.980178142744,19.14,16.31,15.66,85.0,84.30000305175781,80.3499984741211,79.66000366210938,79.36000061035156,49.65999984741211,21.98,18.97,18.28,1118.300048828125,1095.199951171875,922.5999755859376,24262.57,23141.79,22713.28,9552.966796875,145.44382079470765,77.30333455403645,3.825002733682657,1098.8333333333333,17.92831451268333
1180.0999755859375,19.89,97.3508371983334,86.1500015258789,17.17,83.9000015258789,24116.02,2010,4,2,0.8660254037844387,-0.4999999999999998,-1.25,-80.18083719833339,7227.98525947571,10178.4296875,9614.1904296875,7202.10009765625,95.6020632146723,94.0709789385208,86.8436806491991,14.83,17.97,15.69,83.75,83.74500274658203,80.0,83.76000213623047,72.88999938964844,51.119998931884766,17.41,20.73,18.32,1113.300048828125,1083.0,890.7000122070312,23813.34,23746.91,22292.73,9816.803385416666,313.9353727334078,78.77000172932942,5.489382251941942,1104.86669921875,19.101424057979244
1212.199951171875,13.67,97.4814510228393,73.97000122070312,11.3,83.96700286865234,25041.02,2010,5,2,0.4999999999999999,-0.8660254037844387,0.1500015258789062,-86.1814510228393,6211.039304692997,10428.1201171875,9657.7900390625,7276.60986328125,97.3508371983334,94.4265387941199,86.7856300605298,17.17,19.14,10.68,83.9000015258789,85.0,80.5999984741211,86.1500015258789,79.66000366210938,66.30999755859375,19.89,21.98,13.02,1180.0999755859375,1118.300048828125,978.7999877929688,24116.02,24262.57,22590.91,10088.11328125,393.0265859257543,83.19000244140625,3.2823303927246568,1137.2333577473958,37.20766310435222
1245.5,20.83,97.8370108784384,75.62999725341797,18.06,85.44999694824219,24711.55,2010,6,2,1.2246467991473532e-16,-1.0,0.0670013427734375,-79.7770108784384,6462.58303450013,9521.150390625,10178.4296875,7162.18017578125,97.4814510228393,95.6020632146723,87.5402877132301,11.3,14.83,9.08,83.96700286865234,83.75,81.26000213623047,73.97000122070312,83.76000213623047,69.88999938964844,13.67,17.41,11.32,1212.199951171875,1113.300048828125,927.0999755859376,25041.02,23813.34,22090.63,10042.566731770834,468.5003503518586,81.2933349609375,6.453792456669746,1168.5333251953125,50.45431816847118
1181.699951171875,11.06,99.8615251582785,78.94999694824219,8.84,85.19999694824219,25314.37,2010,7,3,-0.4999999999999997,-0.8660254037844388,1.4829940795898438,-91.0215251582785,6726.539499053964,9721.91015625,10428.1201171875,7720.93017578125,97.8370108784384,97.3508371983334,88.8609386054555,18.06,17.17,7.14,85.44999694824219,83.9000015258789,82.8499984741211,75.62999725341797,86.1500015258789,69.44999694824219,20.83,19.89,9.27,1245.5,1180.0999755859375,953.7000122070312,24711.55,24116.02,21867.98,9890.3935546875,476.3806386567387,78.58333333333333,6.605281777427353,1212.5999755859375,32.70184724123651
1248.300048828125,18.96,102.045678556959,71.91999816894531,16.29,84.177001953125,24846.99,2010,8,3,-0.8660254037844384,-0.5000000000000004,-0.25,-85.755678556959,6054.009826336056,10519.01953125,9521.150390625,8675.669921875,99.8615251582785,97.4814510228393,90.4718424410272,8.84,11.3,6.25,85.19999694824219,83.96700286865234,82.80000305175781,78.94999694824219,73.97000122070312,69.95999908447266,11.06,13.67,8.33,1181.699951171875,1212.199951171875,951.7000122070312,25314.37,25041.02,22515.58,9920.693359375,527.7989928338217,76.18333180745442,2.535689986589606,1213.13330078125,31.910263454538644
1307.800048828125,16.98,104.120987101885,79.97000122070312,14.43,86.1500015258789,25578.63,2010,9,3,-1.0,-1.8369701987210294e-16,-1.0229949951171875,-89.69098710188501,6889.415727188112,9813.0498046875,9721.91015625,9349.669921875,102.045678556959,97.8370108784384,90.624225236284,16.29,18.06,8.17,84.177001953125,85.44999694824219,82.94999694824219,71.91999816894531,75.62999725341797,70.61000061035156,18.96,20.83,10.36,1248.300048828125,1245.5,1008.0,24846.99,24711.55,22503.35,10017.9931640625,436.2879488848582,75.49999745686848,3.516801909342064,1225.1666666666667,37.669305611985095
1357.0999755859375,18.71,105.14412872718,81.43000030517578,16.06,85.80000305175781,26116.17,2010,10,4,-0.8660254037844386,0.5000000000000001,1.9729995727539065,-89.08412872718,6986.694274688722,10013.3095703125,10519.01953125,9159.1796875,104.120987101885,99.8615251582785,91.1684495050582,14.43,8.84,14.52,86.1500015258789,85.19999694824219,83.55000305175781,79.97000122070312,78.94999694824219,77.0,16.98,11.06,17.08,1307.800048828125,1181.699951171875,1039.699951171875,25578.63,25314.37,23333.08,10115.126302083334,363.8314154344762,76.94666544596355,4.382994423261333,1245.933349609375,63.0833544298594
1385.0,24.6,106.189039323227,84.11000061035156,21.62,85.69999694824219,24654.42,2010,11,4,-0.5000000000000004,0.8660254037844384,-0.3499984741210937,-84.56903932322699,7208.226795623777,10598.400390625,9813.0498046875,9204.5703125,105.14412872718,102.045678556959,92.3729992199452,16.06,16.29,16.33,85.80000305175781,84.177001953125,83.4000015258789,81.43000030517578,71.91999816894531,77.27999877929688,18.71,18.96,19.0,1357.0999755859375,1248.300048828125,1181.0999755859375,26116.17,24846.99,23480.54,10141.586588541666,408.0871607419422,77.77333323160808,5.1214302541877,1304.4000244140625,54.4795937956479
1421.0999755859375,21.77,105.869761085546,91.37999725341795,18.95,85.6500015258789,26855.83,2010,12,4,-2.4492935982947064e-16,1.0,-0.100006103515625,-86.919761085546,7826.696904190058,11234.759765625,10013.3095703125,9386.919921875,106.189039323227,104.120987101885,91.6981611266652,21.62,14.43,16.31,85.69999694824219,86.1500015258789,84.30000305175781,84.11000061035156,79.97000122070312,79.36000061035156,24.6,16.98,18.97,1385.0,1307.800048828125,1095.199951171875,24654.42,25578.63,23141.79,10615.489908854166,610.9043981116988,81.83666737874348,2.0997457746382877,1349.9666748046875,39.091189547800894
1333.800048828125,20.01,107.154130359853,92.19000244140624,17.29,85.0260009765625,25007.34,2011,1,1,0.4999999999999999,0.8660254037844387,-0.0499954223632812,-89.864130359853,7838.547237612306,12022.4599609375,10598.400390625,9614.1904296875,105.869761085546,105.14412872718,94.0709789385208,18.95,16.06,17.97,85.6500015258789,85.80000305175781,83.74500274658203,91.37999725341795,81.43000030517578,72.88999938964844,21.77,18.71,20.73,1421.0999755859375,1357.0999755859375,1083.0,26855.83,26116.17,23746.91,11285.206705729166,713.3688283588393,85.63999938964844,5.148425197668744,1387.7333170572915,32.08743159871244
1409.300048828125,12.28,106.559111825993,96.97000122070312,9.98,85.5,25742.97,2011,2,1,0.8660254037844386,0.5000000000000001,-0.6240005493164062,-96.579111825993,8290.935104370117,12359.3603515625,11234.759765625,9657.7900390625,107.154130359853,106.189039323227,94.4265387941199,17.29,21.62,19.14,85.0260009765625,85.69999694824219,85.0,92.19000244140624,84.11000061035156,79.66000366210938,20.01,24.6,21.98,1333.800048828125,1385.0,1118.300048828125,25007.34,24654.42,24262.57,11872.193359375,577.1625924569283,89.22666676839192,4.449632741110708,1379.9666748046875,43.86707278667531
1438.9000244140625,14.34,108.053914484226,106.72000122070312,11.94,85.0,27556.64,2011,3,1,1.0,6.123233995736766e-17,0.4739990234375,-96.113914484226,9071.200103759766,11289.2197265625,12022.4599609375,10178.4296875,106.559111825993,105.869761085546,95.6020632146723,9.98,18.95,14.83,85.5,85.6500015258789,83.75,96.97000122070312,91.37999725341795,83.76000213623047,12.28,21.77,17.41,1409.300048828125,1421.0999755859375,1113.300048828125,25742.97,26855.83,23813.34,11890.3466796875,547.1660430169546,93.51333363850912,3.020834351877145,1388.0666910807292,47.365186729303765
1556.0,10.61,109.563229789627,113.93000030517578,8.41,84.69999694824219,27264.69,2011,4,2,0.8660254037844387,-0.4999999999999998,-0.5,-101.153229789627,9649.87067816162,11809.5400390625,12359.3603515625,10428.1201171875,108.053914484226,107.154130359853,97.3508371983334,11.94,17.29,17.17,85.0,85.0260009765625,83.9000015258789,106.72000122070312,92.19000244140624,86.1500015258789,14.34,20.01,19.89,1438.9000244140625,1333.800048828125,1180.0999755859375,27556.64,25007.34,24116.02,11819.373372395834,535.138075782488,98.62666829427084,7.405310626575397,1394.0000406901042,54.19473132887622
1535.9000244140625,12.86,109.809944791471,102.6999969482422,10.54,84.6969985961914,27185.58,2011,5,2,0.4999999999999999,-0.8660254037844387,-0.3000030517578125,-99.269944791471,8698.381497354132,12057.5400390625,11289.2197265625,9521.150390625,109.563229789627,106.559111825993,97.4814510228393,8.41,9.98,11.3,84.69999694824219,85.5,83.96700286865234,113.93000030517578,96.97000122070312,73.97000122070312,10.61,12.28,13.67,1556.0,1409.300048828125,1212.199951171875,27264.69,25742.97,25041.02,11718.7666015625,392.12101240140447,105.87333424886069,8.511640614900909,1468.0666910807292,77.57731467246876
1502.300048828125,20.9,110.862111711102,95.41999816894533,18.13,86.0,26718.66,2011,6,2,1.2246467991473532e-16,-1.0,-0.0029983520507812,-92.732111711102,8206.119842529299,12123.150390625,11809.5400390625,9721.91015625,109.809944791471,108.053914484226,97.8370108784384,10.54,11.94,18.06,84.6969985961914,85.0,85.44999694824219,102.6999969482422,106.72000122070312,75.62999725341797,12.86,14.34,20.83,1535.9000244140625,1438.9000244140625,1245.5,27185.58,27556.64,24711.55,11996.743489583334,165.40867109441822,107.78333282470705,5.690013130409786,1510.2666829427085,62.61710802007187
1628.300048828125,23.11,112.269838486331,95.6999969482422,20.21,86.44999694824219,28119.91,2011,7,3,-0.4999999999999997,-0.8660254037844388,1.3030014038085938,-92.059838486331,8273.264444122326,12496.0302734375,12057.5400390625,10519.01953125,110.862111711102,109.563229789627,99.8615251582785,18.13,8.41,8.84,86.0,84.69999694824219,85.19999694824219,95.41999816894533,113.93000030517578,78.94999694824219,20.9,10.61,11.06,1502.300048828125,1556.0,1181.699951171875,26718.66,27264.69,25314.37,12225.573567708334,236.5085660466581,104.01666514078777,9.324980220770207,1531.4000244140625,27.13132302276686
1828.5,15.66,113.837204380401,88.80999755859375,13.18,87.0999984741211,27558.24,2011,8,3,-0.8660254037844384,-0.5000000000000004,0.4499969482421875,-100.657204380401,7735.350651840214,12190.3701171875,12123.150390625,9813.0498046875,112.269838486331,109.809944791471,102.045678556959,20.21,10.54,16.29,86.44999694824219,84.6969985961914,84.177001953125,95.6999969482422,102.6999969482422,71.91999816894531,23.11,12.86,18.96,1628.300048828125,1535.9000244140625,1248.300048828125,28119.91,27185.58,24846.99,12269.850260416666,198.74021140012252,97.93999735514323,4.124657188642975,1555.5000406901042,65.24661277427434
1620.4000244140625,8.68,115.012728800953,79.19999694824219,6.59,87.5,28776.32,2011,9,3,-1.0,-1.8369701987210294e-16,0.6500015258789062,-108.422728800953,6929.999732971191,11070.580078125,12496.0302734375,10013.3095703125,113.837204380401,110.862111711102,104.120987101885,13.18,18.13,14.43,87.0999984741211,86.0,86.1500015258789,88.80999755859375,95.41999816894533,79.97000122070312,15.66,20.9,16.98,1828.5,1502.300048828125,1307.800048828125,27558.24,26718.66,25578.63,11918.993489583334,750.4738638596765,93.30999755859376,3.899628165491861,1653.0333658854167,164.50047041156466
1724.199951171875,10.53,116.67442690161,93.19000244140624,8.33,85.55899810791016,28709.33,2011,10,4,-0.8660254037844386,0.5000000000000001,0.4000015258789062,-108.34442690161,7973.243242560419,11761.9697265625,12190.3701171875,10598.400390625,115.012728800953,112.269838486331,105.14412872718,6.59,20.21,16.06,87.5,86.44999694824219,85.80000305175781,79.19999694824219,95.6999969482422,81.43000030517578,8.68,23.11,18.71,1620.4000244140625,1628.300048828125,1357.0999755859375,28776.32,28119.91,26116.17,11674.306640625,565.018623916917,87.90333048502605,8.287281453330419,1692.4000244140625,117.93220557721092
1745.5,20.6,117.008217786459,100.36000061035156,17.85,86.73200225830078,28834.8,2011,11,4,-0.5000000000000004,0.8660254037844384,-1.941001892089844,-99.158217786459,8704.42379958008,11868.8798828125,11070.580078125,11234.759765625,116.67442690161,113.837204380401,106.189039323227,8.33,13.18,21.62,85.55899810791016,87.0999984741211,85.69999694824219,93.19000244140624,88.80999755859375,84.11000061035156,10.53,15.66,24.6,1724.199951171875,1828.5,1385.0,28709.33,27558.24,24654.42,11567.143229166666,433.3458983383544,87.06666564941406,7.156079096394791,1724.3666585286458,104.05008795394794
1565.800048828125,21.88,116.188253221505,98.83000183105467,19.05,89.69999694824219,28943.42,2011,12,4,-2.4492935982947064e-16,1.0,1.173004150390625,-97.138253221505,8865.050862640373,11532.830078125,11761.9697265625,12022.4599609375,117.008217786459,115.012728800953,105.869761085546,17.85,6.59,18.95,86.73200225830078,87.5,85.6500015258789,100.36000061035156,79.19999694824219,91.37999725341795,20.6,8.68,21.77,1745.5,1620.4000244140625,1421.0999755859375,28834.8,28776.32,26855.83,11721.2265625,171.68975470597684,90.91666666666669,10.761620714541507,1696.6999918619792,66.93046238025875
1737.800048828125,12.75,117.973308823085,98.4800033569336,10.43,89.5999984741211,29372.52,2012,1,1,0.4999999999999999,0.8660254037844387,2.9679946899414062,-107.543308823085,8823.80815051269,11347.66015625,11868.8798828125,12359.3603515625,116.188253221505,116.67442690161,107.154130359853,19.05,8.33,17.29,89.69999694824219,85.55899810791016,85.0260009765625,98.83000183105467,93.19000244140624,92.19000244140624,21.88,10.53,20.01,1565.800048828125,1724.199951171875,1333.800048828125,28943.42,28709.33,25007.34,11583.123372395834,264.2244546326765,97.46000162760416,3.776227463190717,1678.5,98.18035580312196
1709.9000244140625,23.87,118.328868678684,107.06999969482422,20.94,90.9000015258789,29079.1,2012,2,1,0.8660254037844386,0.5000000000000001,-0.0999984741210937,-97.388868678684,9732.663135635376,11874.8896484375,11532.830078125,11289.2197265625,117.973308823085,117.008217786459,106.559111825993,10.43,17.85,9.98,89.5999984741211,86.73200225830078,85.5,98.4800033569336,100.36000061035156,96.97000122070312,12.75,20.6,12.28,1737.800048828125,1745.5,1409.300048828125,29372.52,28834.8,25742.97,11585.126627604166,267.4769731652554,99.22333526611328,0.999815388739913,1683.0333658854167,101.60000139372124
1669.300048828125,14.26,119.714826483162,103.0199966430664,11.85,90.5999984741211,29185.19,2012,3,1,1.0,6.123233995736766e-17,1.3000030517578125,-107.864826483162,9333.611538665777,12877.8798828125,11347.66015625,11809.5400390625,118.328868678684,116.188253221505,108.053914484226,20.94,19.05,11.94,90.9000015258789,89.69999694824219,85.0,107.06999969482422,98.83000183105467,106.72000122070312,23.87,21.88,14.34,1709.9000244140625,1565.800048828125,1438.9000244140625,29079.1,28943.42,27556.64,12033.4765625,777.3387034453883,101.46000162760416,4.861551549518571,1671.1667073567708,92.3103590486775
1663.4000244140625,24.91,121.906236205426,104.87000274658205,21.92,89.46399688720703,28546.8,2012,4,2,0.8660254037844387,-0.4999999999999998,-0.3000030517578125,-99.986236205426,9382.08959928161,13761.759765625,11874.8896484375,12057.5400390625,119.714826483162,117.973308823085,109.563229789627,11.85,10.43,8.41,90.5999984741211,89.5999984741211,84.69999694824219,103.0199966430664,98.4800033569336,113.93000030517578,14.26,12.75,10.61,1669.300048828125,1737.800048828125,1556.0,29185.19,29372.52,27264.69,12838.176432291666,944.0614295538412,102.8566665649414,4.297326704714671,1705.6667073567708,34.445656184501935
1562.5999755859375,7.69,123.306706657072,86.52999877929688,5.66,92.16500091552734,29684.18,2012,5,2,0.4999999999999999,-0.8660254037844387,-1.1360015869140625,-117.646706657072,7975.037416714476,13990.3798828125,12877.8798828125,12123.150390625,121.906236205426,118.328868678684,109.809944791471,21.92,20.94,10.54,89.46399688720703,90.9000015258789,84.6969985961914,104.87000274658205,107.06999969482422,102.6999969482422,24.91,23.87,12.86,1663.4000244140625,1709.9000244140625,1535.9000244140625,28546.8,29079.1,27185.58,13543.33984375,587.5325601223442,104.98666636149088,2.0275204016456945,1680.86669921875,25.31606310121019
1603.5,16.8,123.350244598574,84.95999908447266,14.26,92.96299743652344,29629.67,2012,6,2,1.2246467991473532e-16,-1.0,2.7010040283203125,-109.090244598574,7898.136177096865,13786.6201171875,13761.759765625,12496.0302734375,123.306706657072,119.714826483162,110.862111711102,5.66,11.85,18.13,92.16500091552734,90.5999984741211,86.0,86.52999877929688,103.0199966430664,95.41999816894533,7.69,14.26,20.9,1562.5999755859375,1669.300048828125,1502.300048828125,29684.18,29185.19,26718.66,13846.253255208334,125.43473545382288,98.13999938964844,10.097015216143298,1631.7666829427085,59.97272402479946
1610.5,24.97,123.04547900806,88.05999755859375,21.97,93.39099884033205,29717.4,2012,7,3,-0.4999999999999997,-0.8660254037844388,0.7979965209960938,-101.07547900806,8224.011129874272,13801.41015625,13990.3798828125,12190.3701171875,123.350244598574,121.906236205426,112.269838486331,14.26,21.92,20.21,92.96299743652344,89.46399688720703,86.44999694824219,84.95999908447266,104.87000274658205,95.6999969482422,16.8,24.91,23.11,1603.5,1663.4000244140625,1628.300048828125,29629.67,28546.8,28119.91,13859.470052083334,113.61216550188192,92.12000020345052,11.069695045385291,1609.8333333333333,50.69759160228097
1684.5999755859375,19.27,124.148440192776,96.47000122070312,16.59,93.50299835205078,31200.19,2012,8,3,-0.8660254037844384,-0.5000000000000004,0.4280014038086079,-107.558440192776,9020.23436516174,14577.0,13786.6201171875,11070.580078125,123.04547900806,123.306706657072,113.837204380401,21.97,5.66,13.18,93.39099884033205,92.16500091552734,87.0999984741211,88.05999755859375,86.52999877929688,88.80999755859375,24.97,7.69,15.66,1610.5,1562.5999755859375,1828.5,29717.4,29684.18,27558.24,14055.010091145834,452.1170036871633,86.51666514078777,1.55004224920515,1592.1999918619792,25.87219980319968
1771.0999755859375,8.98,125.12804387657,92.19000244140624,6.87,93.22899627685548,31513.58,2012,9,3,-1.0,-1.8369701987210294e-16,0.1119995117187357,-118.25804387657,8594.78139437316,15391.580078125,13801.41015625,11761.9697265625,124.148440192776,123.350244598574,115.012728800953,16.59,14.26,6.59,93.50299835205078,92.96299743652344,87.5,96.47000122070312,84.95999908447266,79.19999694824219,19.27,16.8,8.68,1684.5999755859375,1603.5,1620.4000244140625,31200.19,29629.67,28776.32,14589.996744791666,795.1646254961145,89.82999928792317,5.955645799187097,1632.8666585286458,44.93887037201688
1717.5,8.41,125.606961233091,86.23999786376953,6.33,94.48999786376952,31112.99,2012,10,4,-0.8660254037844386,0.5000000000000001,-0.2740020751952983,-119.276961233091,8148.817213919071,15444.8203125,14577.0,11868.8798828125,125.12804387657,123.04547900806,116.67442690161,6.87,21.97,8.33,93.22899627685548,93.39099884033205,85.55899810791016,92.19000244140624,88.05999755859375,93.19000244140624,8.98,24.97,10.53,1771.0999755859375,1610.5,1724.199951171875,31513.58,29717.4,28709.33,15137.800130208334,486.3961555875462,92.24000040690105,4.205224755775117,1688.7333170572915,80.37973266527003
1710.9000244140625,23.98,125.113531229403,88.91000366210938,21.04,96.5,31184.03,2012,11,4,-0.5000000000000004,0.8660254037844384,1.261001586914034,-104.073531229403,8579.815353393555,15910.1103515625,15391.580078125,11532.830078125,125.606961233091,124.148440192776,117.008217786459,6.33,16.59,17.85,94.48999786376952,93.50299835205078,86.73200225830078,86.23999786376953,96.47000122070312,100.36000061035156,8.41,19.27,20.6,1717.5,1684.5999755859375,1745.5,31112.99,31200.19,28834.8,15582.170247395834,285.24930250522,91.63333384195964,5.137669911343174,1724.3999837239585,43.66085010101611
1674.800048828125,14.23,125.403784172749,91.81999969482422,11.83,95.70899963378906,31563.7,2012,12,4,-2.4492935982947064e-16,1.0,2.010002136230483,-113.573784172749,8788.000317166443,16573.859375,15444.8203125,11347.66015625,125.113531229403,125.12804387657,116.188253221505,21.04,6.87,19.05,96.5,93.22899627685548,89.69999694824219,88.91000366210938,92.19000244140624,98.83000183105467,23.98,8.98,21.88,1710.9000244140625,1771.0999755859375,1565.800048828125,31184.03,31513.58,28943.42,15976.263346354166,567.419126574576,89.11333465576172,2.980209093034378,1733.1666666666667,33.01653924334895
1660.5999755859375,16.74,127.493605364842,97.48999786376952,14.2,97.6999969482422,33230.75,2013,1,1,0.4999999999999999,0.8660254037844387,-0.7910003662109375,-113.293605364842,9524.77249377442,16905.330078125,15910.1103515625,11874.8896484375,125.403784172749,125.606961233091,117.973308823085,11.83,6.33,10.43,95.70899963378906,94.48999786376952,89.5999984741211,91.81999969482422,86.23999786376953,98.4800033569336,14.23,8.41,12.75,1674.800048828125,1717.5,1737.800048828125,31563.7,31112.99,29372.52,16463.099934895832,506.7704768570596,88.99000040690105,2.7908609277464884,1701.0666910807292,22.985697528108616
1577.699951171875,24.05,127.065482273406,92.0500030517578,21.11,96.72699737548828,32247.19,2013,2,1,0.8660254037844386,0.5000000000000001,1.9909973144531392,-105.955482273406,8903.720403601064,17242.740234375,16573.859375,12877.8798828125,127.493605364842,125.113531229403,118.328868678684,14.2,21.04,20.94,97.6999969482422,96.5,90.9000015258789,97.48999786376952,88.91000366210938,107.06999969482422,16.74,23.98,23.87,1660.5999755859375,1710.9000244140625,1709.9000244140625,33230.75,31184.03,29079.1,16907.309895833332,334.4448246993591,92.74000040690105,4.363356060166555,1682.1000162760415,25.932428956495038
1594.800048828125,21.13,127.580681247846,97.2300033569336,18.34,98.3000030517578,32322.74,2013,3,1,1.0,6.123233995736766e-17,-0.9729995727539203,-109.240681247846,9557.709626708993,18173.669921875,16905.330078125,13761.759765625,127.065482273406,125.403784172749,119.714826483162,21.11,11.83,11.85,96.72699737548828,95.70899963378906,90.5999984741211,92.0500030517578,91.81999969482422,103.0199966430664,24.05,14.23,14.26,1577.699951171875,1674.800048828125,1669.300048828125,32247.19,31563.7,29185.19,17440.580078125,656.9071035102444,93.78666687011716,3.209239897928327,1637.6999918619792,52.44439133150212
1472.199951171875,15.02,128.973895375908,93.45999908447266,12.57,98.4000015258789,32931.19,2013,4,2,0.8660254037844387,-0.4999999999999998,1.573005676269517,-116.403895375908,9196.46405252075,17947.759765625,17242.740234375,13990.3798828125,127.580681247846,127.493605364842,121.906236205426,18.34,14.2,21.92,98.3000030517578,97.6999969482422,89.46399688720703,97.2300033569336,97.48999786376952,104.87000274658205,21.13,16.74,24.91,1594.800048828125,1660.5999755859375,1663.4000244140625,32322.74,33230.75,28546.8,17788.056640625,485.57835296509376,95.59000142415364,3.0684834435458948,1611.0333251953125,43.76920102279002
1392.5999755859375,16.62,129.63422082202,91.97000122070312,14.09,98.4000015258789,33370.1,2013,5,2,0.4999999999999999,-0.8660254037844387,0.0999984741211079,-115.54422082202,9049.848260452272,18982.419921875,18173.669921875,13786.6201171875,128.973895375908,127.065482273406,123.306706657072,12.57,21.11,5.66,98.4000015258789,96.72699737548828,92.16500091552734,93.45999908447266,92.0500030517578,86.52999877929688,15.02,24.05,7.69,1472.199951171875,1577.699951171875,1562.5999755859375,32931.19,32247.19,29684.18,18367.949869791668,544.0026960913908,94.24666849772136,2.6781033147932183,1548.2333170572915,66.39960753545766
1223.800048828125,18.17,130.570286564312,96.55999755859376,15.55,97.5530014038086,32835.6,2013,6,2,1.2246467991473532e-16,-1.0,0.0,-115.020286564312,9419.717577385252,21823.05078125,17947.759765625,13801.41015625,129.63422082202,127.580681247846,123.350244598574,14.09,18.34,14.26,98.4000015258789,98.3000030517578,92.96299743652344,91.97000122070312,97.2300033569336,84.95999908447266,16.62,21.13,16.8,1392.5999755859375,1594.800048828125,1603.5,33370.1,32322.74,29629.67,19584.41015625,2006.5553308239769,94.22000122070312,2.711108270355272,1486.5333251953125,101.8592244863398
1312.4000244140625,14.02,133.211588348763,105.02999877929688,11.63,101.5999984741211,34692.85,2013,7,3,-0.4999999999999997,-0.8660254037844388,-0.8470001220703125,-121.581588348763,10671.047715713505,21005.689453125,18982.419921875,14577.0,130.570286564312,128.973895375908,123.04547900806,15.55,12.57,21.97,97.5530014038086,98.4000015258789,93.39099884033205,96.55999755859376,93.45999908447266,88.05999755859375,18.17,15.02,24.97,1223.800048828125,1472.199951171875,1610.5,32835.6,32931.19,29717.4,20603.72005208333,1462.354426716978,93.99666595458984,2.3415860207493475,1362.8666585286458,126.8411623981681
1396.0999755859375,16.34,134.757185272082,107.6500015258789,13.82,104.3000030517578,33799.95,2013,8,3,-0.8660254037844384,-0.5000000000000004,4.0469970703125,-120.93718527208202,11227.8954876709,23312.76953125,21823.05078125,15391.580078125,133.211588348763,129.63422082202,124.148440192776,11.63,14.09,16.59,101.5999984741211,98.4000015258789,93.50299835205078,105.02999877929688,91.97000122070312,96.47000122070312,14.02,16.62,19.27,1312.4000244140625,1392.5999755859375,1684.5999755859375,34692.85,33370.1,31200.19,22047.169921875,1169.7549587910232,97.85333251953124,6.625361918303105,1309.6000162760415,84.43479053411983
1326.5,24.24,134.372600122148,102.33000183105467,21.28,104.30999755859376,35326.11,2013,9,3,-1.0,-1.8369701987210294e-16,2.7000045776367045,-113.092600122148,10674.042241168208,22160.849609375,21005.689453125,15444.8203125,134.757185272082,130.570286564312,125.12804387657,13.82,15.55,6.87,104.3000030517578,97.5530014038086,93.22899627685548,107.6500015258789,96.55999755859376,92.19000244140624,16.34,18.17,8.98,1396.0999755859375,1223.800048828125,1771.0999755859375,33799.95,32835.6,31513.58,22159.76953125,1153.540418297898,103.07999928792316,5.796457582943456,1310.7666829427085,86.16157521458547
1323.5999755859375,18.91,137.013901906599,96.37999725341795,16.25,105.87000274658205,35798.59,2013,10,4,-0.8660254037844386,0.5000000000000001,0.0099945068359659,-120.763901906599,10203.750573934927,21832.6796875,23312.76953125,15910.1103515625,134.372600122148,133.211588348763,125.606961233091,21.28,11.63,6.33,104.30999755859376,101.5999984741211,94.48999786376952,102.33000183105467,105.02999877929688,86.23999786376953,24.24,14.02,8.41,1326.5,1312.4000244140625,1717.5,35326.11,34692.85,31112.99,22435.43294270833,777.3117081334333,105.00333404541016,2.6601000816231744,1345.0,44.81191757271516
1250.5999755859375,11.91,138.748163243093,92.72000122070312,9.63,107.27999877929688,35737.27,2013,11,4,-0.5000000000000004,0.8660254037844384,1.5600051879882812,-129.118163243093,9947.001617773436,22775.849609375,22160.849609375,16573.859375,137.013901906599,134.757185272082,125.113531229403,16.25,13.82,21.04,105.87000274658205,104.3000030517578,96.5,96.37999725341795,107.6500015258789,88.91000366210938,18.91,16.34,23.98,1323.5999755859375,1396.0999755859375,1710.9000244140625,35798.59,33799.95,31184.03,22256.459635416668,478.7988441842731,102.12000020345052,5.637936199356446,1348.7333170572915,41.04634929598242
1201.9000244140625,21.28,136.912313376428,98.41999816894533,18.49,105.5999984741211,35114.36,2013,12,4,-2.4492935982947064e-16,1.0,1.4099960327148295,-118.422313376428,10393.151656463628,24302.189453125,21832.6796875,16905.330078125,138.748163243093,134.372600122148,125.403784172749,9.63,21.28,11.83,107.27999877929688,104.30999755859376,95.70899963378906,92.72000122070312,102.33000183105467,91.81999969482422,11.91,24.24,14.23,1250.5999755859375,1326.5,1674.800048828125,35737.27,35326.11,31563.7,22970.23958333333,1246.1782445183992,97.1433334350586,4.850261799881061,1300.2333170572915,43.0081849722798
1240.0999755859375,13.61,137.579895146124,97.48999786376952,11.24,105.41999816894533,34961.65,2014,1,1,0.4999999999999999,0.8660254037844387,-1.6800003051757812,-126.339895146124,10277.395396289066,25261.140625,22775.849609375,17242.740234375,136.912313376428,137.013901906599,127.493605364842,18.49,16.25,14.2,105.5999984741211,105.87000274658205,97.6999969482422,98.41999816894533,96.37999725341795,97.48999786376952,21.28,18.91,16.74,1201.9000244140625,1323.5999755859375,1660.5999755859375,35114.36,35798.59,33230.75,24113.05989583333,1253.3935336388176,95.83999888102214,2.8881118371922883,1258.6999918619792,61.25297728734139
1321.4000244140625,24.76,137.144515731105,102.58999633789062,21.77,104.9000015258789,36095.97,2014,2,1,0.8660254037844386,0.5000000000000001,-0.180000305175767,-115.374515731105,10761.690772384638,26784.33984375,24302.189453125,18173.669921875,137.579895146124,138.748163243093,127.065482273406,11.24,9.63,21.11,105.41999816894533,107.27999877929688,96.72699737548828,97.48999786376952,92.72000122070312,92.0500030517578,13.61,11.91,24.05,1240.0999755859375,1250.5999755859375,1577.699951171875,34961.65,35737.27,32247.19,25449.223307291668,1251.718403617,96.20999908447266,3.0579877303119924,1230.8666585286458,25.62931756692667
1283.4000244140625,11.65,138.46516662333,101.58000183105467,9.39,96.76100158691406,35858.23,2014,3,1,1.0,6.123233995736766e-17,-0.5199966430664205,-129.07516662333,9828.982718373414,25783.279296875,25261.140625,17947.759765625,137.144515731105,136.912313376428,127.580681247846,21.77,18.49,18.34,104.9000015258789,105.5999984741211,98.3000030517578,102.58999633789062,98.41999816894533,97.2300033569336,24.76,21.28,21.13,1321.4000244140625,1201.9000244140625,1594.800048828125,36095.97,35114.36,32322.74,25942.919921875,774.0463887022238,99.49999745686848,2.716117625479449,1254.4666748046875,61.03166419844531
1295.5999755859375,20.36,140.816215464435,99.73999786376952,17.62,98.25,36157.51,2014,4,2,0.8660254037844387,-0.4999999999999998,-8.138999938964844,-123.196215464435,9799.454790115356,27159.91015625,26784.33984375,18982.419921875,138.46516662333,137.579895146124,128.973895375908,9.39,11.24,12.57,96.76100158691406,105.41999816894533,98.4000015258789,101.58000183105467,97.48999786376952,93.45999908447266,11.65,13.61,15.02,1283.4000244140625,1240.0999755859375,1472.199951171875,35858.23,34961.65,32931.19,26575.84309895833,711.6047359225752,100.55333201090497,2.7005618487101635,1281.6333414713542,40.6788072751548
1245.5999755859375,22.28,140.446142961668,102.70999908447266,19.43,98.5999984741211,38030.83,2014,5,2,0.4999999999999999,-0.8660254037844387,1.4889984130859375,-121.01614296166798,10127.205753005985,28912.98046875,25783.279296875,21823.05078125,140.816215464435,137.144515731105,129.63422082202,17.62,21.77,14.09,98.25,104.9000015258789,98.4000015258789,99.73999786376952,102.58999633789062,91.97000122070312,20.36,24.76,16.62,1295.5999755859375,1321.4000244140625,1392.5999755859375,36157.51,36095.97,33370.1,27285.38997395833,1568.6192159979537,101.30333201090497,1.445002583961046,1300.1333414713542,19.401380226379786
1321.800048828125,23.6,141.309645468124,105.37000274658205,20.68,98.5,37052.48,2014,6,2,1.2246467991473532e-16,-1.0,0.3499984741210937,-120.62964546812398,10378.945270538332,29737.689453125,27159.91015625,21005.689453125,140.446142961668,138.46516662333,130.570286564312,19.43,9.39,15.55,98.5999984741211,96.76100158691406,97.5530014038086,102.70999908447266,101.58000183105467,96.55999755859376,22.28,11.65,18.17,1245.5999755859375,1283.4000244140625,1223.800048828125,38030.83,35858.23,32835.6,28603.52669270833,1316.4565148455113,101.3433329264323,1.4990783637123763,1274.8666585286458,26.069402563178546
1281.300048828125,19.17,143.711488574314,98.16999816894533,16.5,98.5999984741211,36982.0,2014,7,3,-0.4999999999999997,-0.8660254037844388,-0.0999984741210937,-127.211488574314,9679.56166966248,29652.529296875,28912.98046875,23312.76953125,141.309645468124,140.816215464435,133.211588348763,20.68,17.62,11.63,98.5,98.25,101.5999984741211,105.37000274658205,99.73999786376952,105.02999877929688,23.6,20.36,14.02,1321.800048828125,1295.5999755859375,1312.4000244140625,37052.48,36157.51,34692.85,29434.39973958333,453.5654363489565,102.6066665649414,2.8164244978895328,1287.6666666666667,38.71454291781558
1285.800048828125,9.25,144.183149607251,95.95999908447266,7.12,100.77999877929688,37559.98,2014,8,3,-0.8660254037844384,-0.5000000000000004,0.0999984741210937,-137.063149607251,9670.848590594484,30314.0703125,29737.689453125,22160.849609375,143.711488574314,140.446142961668,134.757185272082,16.5,19.43,13.82,98.5999984741211,98.5999984741211,104.3000030517578,98.16999816894533,102.70999908447266,107.6500015258789,19.17,22.28,16.34,1281.300048828125,1245.5999755859375,1396.0999755859375,36982.0,38030.83,33799.95,29901.4296875,359.88508874839334,102.08333333333331,3.64067973766305,1282.9000244140625,38.125224352594245
1210.5,11.85,144.691092258107,91.16000366210938,9.58,101.29000091552734,37260.03,2014,9,3,-1.0,-1.8369701987210294e-16,2.180000305175781,-135.111092258107,9233.596854394536,28567.740234375,29652.529296875,21832.6796875,144.183149607251,141.309645468124,134.372600122148,7.12,20.68,21.28,100.77999877929688,98.5,104.30999755859376,95.95999908447266,105.37000274658205,102.33000183105467,9.25,23.6,24.24,1285.800048828125,1321.800048828125,1326.5,37559.98,37052.48,35326.11,29511.44661458333,881.6719502587057,99.83333333333331,4.920574674978536,1296.300048828125,22.197972880429045
1171.0999755859375,15.24,144.988601525037,80.54000091552734,12.78,101.83000183105467,37846.78,2014,10,4,-0.8660254037844386,0.5000000000000001,0.5100021362304688,-132.208601525037,8201.388440701294,29726.390625,30314.0703125,22775.849609375,144.691092258107,143.711488574314,137.013901906599,9.58,16.5,16.25,101.29000091552734,98.5999984741211,105.87000274658205,91.16000366210938,98.16999816894533,96.37999725341795,11.85,19.17,18.91,1210.5,1281.300048828125,1323.5999755859375,37260.03,36982.0,35798.59,29536.067057291668,888.5856631523785,95.09666697184244,3.583854419334957,1259.2000325520833,42.23543983351828
1175.199951171875,13.34,144.248456519504,66.1500015258789,10.99,100.45999908447266,37942.96,2014,11,4,-0.5000000000000004,0.8660254037844384,0.5400009155273295,-133.258456519504,6645.42909272766,30376.529296875,28567.740234375,24302.189453125,144.988601525037,144.183149607251,138.748163243093,12.78,7.12,9.63,101.83000183105467,100.77999877929688,107.27999877929688,80.54000091552734,95.95999908447266,92.72000122070312,15.24,9.25,11.91,1171.0999755859375,1285.800048828125,1250.5999755859375,37846.78,37559.98,35737.27,29556.88671875,916.2304016078206,89.22000122070312,7.890931059581094,1222.4666748046875,58.27887850544064
1183.9000244140625,12.74,142.797191802773,53.27000045776367,10.42,100.4499969482422,38805.36,2014,12,4,-2.4492935982947064e-16,1.0,-1.370002746582017,-132.377191802773,5350.971383415222,31197.98046875,29726.390625,25261.140625,144.248456519504,144.691092258107,136.912313376428,10.99,9.58,18.49,100.45999908447266,101.29000091552734,105.5999984741211,66.1500015258789,91.16000366210938,98.41999816894533,13.34,11.85,21.28,1175.199951171875,1210.5,1201.9000244140625,37942.96,37260.03,35114.36,30433.633463541668,737.4549690964675,79.28333536783855,12.552269035422272,1185.5999755859375,21.661275627655485
1278.5,13.37,142.913292980112,48.2400016784668,11.02,100.9000015258789,39461.68,2015,1,1,0.4999999999999999,0.8660254037844387,-0.0100021362304545,-131.893292980112,4867.416242965701,32131.279296875,30376.529296875,26784.33984375,142.797191802773,144.988601525037,137.579895146124,10.42,12.78,11.24,100.4499969482422,101.83000183105467,105.41999816894533,53.27000045776367,80.54000091552734,97.48999786376952,12.74,15.24,13.61,1183.9000244140625,1171.0999755859375,1240.0999755859375,38805.36,37846.78,34961.65,31235.26302083333,877.9688958854971,66.65333429972331,13.641966102894594,1176.7333170572915,6.536338478443001
1212.5999755859375,24.46,141.592642087886,49.7599983215332,21.49,101.8499984741211,40790.23,2015,2,1,0.8660254037844386,0.5000000000000001,0.4500045776367045,-120.102642087886,5068.055753120425,34443.87109375,31197.98046875,25783.279296875,142.913292980112,144.248456519504,137.144515731105,11.02,10.99,21.77,100.9000015258789,100.45999908447266,104.9000015258789,48.2400016784668,66.1500015258789,102.58999633789062,13.37,13.34,24.76,1278.5,1175.199951171875,1321.4000244140625,39461.68,37942.96,36095.97,32591.043619791668,1671.0741790345517,55.88666788736979,9.237274217075385,1212.5333251953125,57.294192176831146
1183.0999755859375,20.92,141.911920325567,47.59999847412109,18.15,101.8000030517578,39976.96,2015,3,1,1.0,6.123233995736766e-17,0.9499969482421876,-123.761920325567,4845.679989929193,33632.19140625,32131.279296875,27159.91015625,141.592642087886,142.797191802773,138.46516662333,21.49,10.42,9.39,101.8499984741211,100.4499969482422,96.76100158691406,49.7599983215332,53.27000045776367,101.58000183105467,24.46,12.74,11.65,1212.5999755859375,1183.9000244140625,1283.4000244140625,40790.23,38805.36,35858.23,33402.447265625,1173.2889594456417,50.423333485921226,2.5797736499869317,1225.0,48.50370397523534
1182.4000244140625,21.34,143.791308133734,59.630001068115234,18.54,101.75,39733.89,2015,4,2,0.8660254037844387,-0.4999999999999998,-0.0499954223632954,-125.251308133734,6067.352608680725,30233.869140625,34443.87109375,28912.98046875,141.911920325567,142.913292980112,140.816215464435,18.15,11.02,17.62,101.8000030517578,100.9000015258789,98.25,47.59999847412109,48.2400016784668,99.73999786376952,20.92,13.37,20.36,1183.0999755859375,1278.5,1295.5999755859375,39976.96,39461.68,36157.51,32769.977213541664,2233.514964559192,48.53333282470703,1.1094738420624597,1224.7333170572915,48.84367559875642
1189.4000244140625,20.73,144.879756671283,60.29999923706055,17.97,101.8499984741211,39835.32,2015,5,2,0.4999999999999999,-0.8660254037844387,-0.0500030517577982,-126.909756671283,6141.55483028412,33729.9609375,33632.19140625,29737.689453125,143.791308133734,141.592642087886,140.446142961668,18.54,21.49,19.43,101.75,101.8499984741211,98.5999984741211,59.630001068115234,49.7599983215332,102.70999908447266,21.34,24.46,22.28,1182.4000244140625,1212.5999755859375,1245.5999755859375,39733.89,40790.23,38030.83,32532.00716145833,1990.846174974357,52.32999928792318,6.413573054726199,1192.6999918619792,17.237444621270626
1171.5,9.03,145.772284472072,59.470001220703125,6.92,101.75,41867.05,2015,6,2,1.2246467991473532e-16,-1.0,0.0999984741210937,-138.852284472072,6051.072624206543,33056.7890625,30233.869140625,29652.529296875,144.879756671283,141.911920325567,141.309645468124,17.97,18.15,20.68,101.8499984741211,101.8000030517578,98.5,60.29999923706055,47.59999847412109,105.37000274658205,20.73,20.92,23.6,1189.4000244140625,1183.0999755859375,1321.800048828125,39835.32,39976.96,37052.48,32340.20638020833,1854.9346399440624,55.84333292643229,7.146792746126912,1184.9666748046875,3.855311204069901
1094.9000244140625,12.3,146.301996093679,47.119998931884766,10.01,101.75,40959.5,2015,7,3,-0.4999999999999997,-0.8660254037844388,-0.0999984741210937,-136.29199609367902,4794.459891319275,34398.859375,33729.9609375,30314.0703125,145.772284472072,143.791308133734,143.711488574314,6.92,18.54,16.5,101.75,101.75,98.5999984741211,59.470001220703125,59.630001068115234,98.16999816894533,9.03,21.34,19.17,1171.5,1182.4000244140625,1281.300048828125,41867.05,39733.89,36982.0,33728.536458333336,671.036290210252,59.800000508626304,0.4403396803816741,1181.1000162760415,9.020545126291688
1131.5999755859375,19.92,146.759144479449,49.20000076293945,17.21,102.48999786376952,40828.43,2015,8,3,-0.8660254037844384,-0.5000000000000004,0.0,-129.54914447944898,5042.507973091123,35741.51953125,33056.7890625,28567.740234375,146.301996093679,144.879756671283,144.183149607251,10.01,17.97,7.12,101.75,101.8499984741211,100.77999877929688,47.119998931884766,60.29999923706055,95.95999908447266,12.3,20.73,9.25,1094.9000244140625,1189.4000244140625,1285.800048828125,40959.5,39835.32,37559.98,34399.055989583336,1342.3652451742114,55.62999979654948,7.381552019340787,1151.933349609375,50.1966418760456
1115.5,14.96,146.606761684193,45.09000015258789,12.52,104.25,43443.28,2015,9,3,-1.0,-1.8369701987210294e-16,0.739997863769517,-134.086761684193,4700.632515907288,34726.51171875,34398.859375,29726.390625,146.759144479449,145.772284472072,144.691092258107,17.21,6.92,9.58,102.48999786376952,101.75,101.29000091552734,49.20000076293945,59.470001220703125,91.16000366210938,19.92,9.03,11.85,1131.5999755859375,1171.5,1210.5,40828.43,41867.05,37260.03,34955.630208333336,700.0396670882506,51.93000030517578,6.612133714536633,1132.6666666666667,38.31112680851481
1141.5,8.37,147.325137718975,46.59000015258789,6.29,105.0999984741211,42817.66,2015,10,4,-0.8660254037844386,0.5000000000000001,1.760002136230483,-141.035137718975,4896.608944946289,32287.41015625,35741.51953125,30376.529296875,146.606761684193,146.301996093679,144.988601525037,12.52,10.01,12.78,104.25,101.75,101.83000183105467,45.09000015258789,47.119998931884766,80.54000091552734,14.96,12.3,15.24,1115.5,1094.9000244140625,1171.0999755859375,43443.28,40959.5,37846.78,34251.813802083336,1775.3088400843046,47.13666661580404,2.0550510001062747,1114.0,18.395899108354847
1065.800048828125,12.73,148.18864022543,41.650001525878906,10.41,103.83999633789062,43538.96,2015,11,4,-0.5000000000000004,0.8660254037844384,0.8499984741210938,-137.77864022543,4324.936005920405,34261.6015625,34726.51171875,31197.98046875,147.325137718975,146.759144479449,144.248456519504,6.29,17.21,10.99,105.0999984741211,102.48999786376952,100.45999908447266,46.59000015258789,49.20000076293945,66.1500015258789,8.37,19.92,13.34,1141.5,1131.5999755859375,1175.199951171875,42817.66,40828.43,37942.96,33758.5078125,1295.0411572665505,46.960000356038414,2.0798320526396985,1129.5333251953125,13.12262484711314
1060.300048828125,24.87,147.346906689726,37.040000915527344,21.87,103.36000061035156,43324.07,2015,12,4,-2.4492935982947064e-16,1.0,-1.2600021362304688,-125.476906689726,3828.4545172363287,32255.19921875,32287.41015625,32131.279296875,148.18864022543,146.606761684193,142.797191802773,10.41,12.52,10.42,103.83999633789062,104.25,100.4499969482422,41.650001525878906,45.09000015258789,53.27000045776367,12.73,14.96,12.74,1065.800048828125,1115.5,1183.9000244140625,43538.96,43443.28,38805.36,32934.736979166664,1149.211296064355,44.4433339436849,2.5326921441964583,1107.6000162760415,38.46333265573123
1116.4000244140625,15.54,147.658928603823,33.619998931884766,13.07,103.22000122070312,42432.8,2016,1,1,0.4999999999999999,0.8660254037844387,-0.4799957275390625,-134.588928603823,3470.2563307891837,32816.30859375,34261.6015625,34443.87109375,147.346906689726,147.325137718975,142.913292980112,21.87,6.29,11.02,103.36000061035156,105.0999984741211,100.9000015258789,37.040000915527344,46.59000015258789,48.2400016784668,24.87,8.37,13.37,1060.300048828125,1141.5,1278.5,43324.07,42817.66,39461.68,33111.036458333336,1035.1622949435352,41.76000086466471,4.775949774428593,1089.2000325520833,45.37650764757164
1233.9000244140625,19.61,147.288856101056,33.75,16.91,104.0199966430664,44257.46,2016,2,1,0.8660254037844386,0.5000000000000001,-0.1399993896484375,-130.37885610105602,3510.674886703491,31298.599609375,32255.19921875,33632.19140625,147.658928603823,148.18864022543,141.592642087886,13.07,10.41,21.49,103.22000122070312,103.83999633789062,101.8499984741211,33.619998931884766,41.650001525878906,49.7599983215332,15.54,12.73,24.46,1116.4000244140625,1065.800048828125,1212.5999755859375,42432.8,43538.96,40790.23,32123.369140625,767.3946295335887,37.436667124430336,4.029670392954354,1080.8333740234375,30.92414048938104
1234.199951171875,13.38,147.506545808566,38.34000015258789,11.03,103.1999969482422,44841.65,2016,3,1,1.0,6.123233995736766e-17,0.7999954223632812,-136.476545808566,3956.687898742676,31369.509765625,32816.30859375,30233.869140625,147.288856101056,147.346906689726,141.911920325567,16.91,21.87,18.15,104.0199966430664,103.36000061035156,101.8000030517578,33.75,37.040000915527344,47.59999847412109,19.61,24.87,20.92,1233.9000244140625,1060.300048828125,1183.0999755859375,44257.46,43324.07,39976.96,31828.139322916668,856.5138314290832,34.8033332824707,1.9381012989524111,1136.86669921875,88.5912042136826
1289.199951171875,8.68,149.792287737418,45.91999816894531,6.59,104.6500015258789,45027.61,2016,4,2,0.8660254037844387,-0.4999999999999998,-0.8199996948242045,-143.202287737418,4805.527878448484,33139.0,31298.599609375,33729.9609375,147.506545808566,147.658928603823,143.791308133734,11.03,13.07,18.54,103.1999969482422,103.22000122070312,101.75,38.34000015258789,33.619998931884766,59.630001068115234,13.38,15.54,21.34,1234.199951171875,1116.4000244140625,1182.4000244140625,44841.65,42432.8,39733.89,31935.703125,1042.6886350217117,35.23666636149088,2.68835182475285,1194.8333333333333,67.92540356916999
1214.800048828125,21.87,149.473009499737,49.09999847412109,19.05,103.38999938964844,45276.24,2016,5,2,0.4999999999999999,-0.8660254037844387,1.4500045776367043,-130.423009499737,5076.448812271118,34719.2890625,31369.509765625,33056.7890625,149.792287737418,147.288856101056,144.879756671283,6.59,16.91,17.97,104.6500015258789,104.0199966430664,101.8499984741211,45.91999816894531,33.75,60.29999923706055,8.68,19.61,20.73,1289.199951171875,1233.9000244140625,1189.4000244140625,45027.61,44257.46,39835.32,33075.932942708336,1675.779945198554,39.33666610717773,6.145910927341236,1252.4333089192708,31.841199347912813
1318.4000244140625,21.04,150.423587889196,48.33000183105469,18.26,104.5500030517578,46062.61,2016,6,2,1.2246467991473532e-16,-1.0,-1.2600021362304688,-132.163587889196,5052.901838928227,36061.55859375,33139.0,34398.859375,149.473009499737,147.506545808566,145.772284472072,19.05,11.03,6.92,103.38999938964844,103.1999969482422,101.75,49.09999847412109,38.34000015258789,59.470001220703125,21.87,13.38,9.03,1214.800048828125,1234.199951171875,1171.5,45276.24,44841.65,41867.05,34639.94921875,1462.8938073490503,44.4533322652181,5.527903999231203,1246.066650390625,38.59339684390807
1349.0,14.65,152.440845845452,41.59999847412109,12.22,103.47000122070312,46144.7,2016,7,3,-0.4999999999999997,-0.8660254037844388,1.1600036621093608,-140.220845845452,4304.351892898557,37783.5390625,34719.2890625,35741.51953125,150.423587889196,149.792287737418,146.301996093679,18.26,6.59,10.01,104.5500030517578,104.6500015258789,101.75,48.33000183105469,45.91999816894531,47.119998931884766,21.04,8.68,12.3,1318.4000244140625,1289.199951171875,1094.9000244140625,46062.61,45027.61,40959.5,36188.12890625,1536.0410309069746,47.78333282470703,1.6589863583240063,1274.1333414713542,53.41807541696779
1306.9000244140625,17.8,151.990953783266,44.70000076293945,15.2,103.54000091552734,46176.38,2016,8,3,-0.8660254037844384,-0.5000000000000004,-1.0800018310546733,-136.79095378326602,4628.238119918824,39505.28125,36061.55859375,34726.51171875,152.440845845452,149.473009499737,146.759144479449,12.22,19.05,17.21,103.47000122070312,103.38999938964844,102.48999786376952,41.59999847412109,49.09999847412109,49.20000076293945,14.65,21.87,19.92,1349.0,1214.800048828125,1131.5999755859375,46144.7,45276.24,40828.43,37783.45963541666,1721.861329498949,46.34333292643228,4.125850215706463,1294.0666910807292,70.33128789498323
1313.300048828125,18.61,152.295719373779,48.2400016784668,15.97,103.23999786376952,47583.12,2016,9,3,-1.0,-1.8369701987210294e-16,0.0699996948242187,-136.325719373779,4980.29767023315,39809.578125,37783.5390625,32287.41015625,151.990953783266,150.423587889196,146.606761684193,15.2,18.26,12.52,103.54000091552734,104.5500030517578,104.25,44.70000076293945,48.33000183105469,45.09000015258789,17.8,21.04,14.96,1306.9000244140625,1318.4000244140625,1115.5,46176.38,46062.61,43443.28,39032.79947916666,1092.537339646261,44.87666702270508,3.368478072006563,1324.7666829427085,21.76011814535219
1271.5,7.21,153.522038059417,46.86000061035156,5.19,102.62999725341795,45233.62,2016,10,4,-0.8660254037844386,0.5000000000000001,-0.3000030517578267,-148.33203805941702,4809.241733935544,40541.80859375,39505.28125,34261.6015625,152.295719373779,152.440845845452,147.325137718975,15.97,12.22,6.29,103.23999786376952,103.47000122070312,105.0999984741211,48.2400016784668,41.59999847412109,46.59000015258789,18.61,14.65,8.37,1313.300048828125,1349.0,1141.5,47583.12,46144.7,42817.66,39952.22265625,532.783098743773,44.846666971842446,3.3224304162850125,1323.0666910807292,22.685732559301837
1170.800048828125,9.37,153.841316297098,49.43999862670898,7.24,102.80999755859376,47026.57,2016,11,4,-0.5000000000000004,0.8660254037844384,-0.6100006103515625,-146.60131629709798,5082.926138108829,39893.83984375,39809.578125,32255.19921875,153.522038059417,151.990953783266,148.18864022543,5.19,15.2,10.41,102.62999725341795,103.54000091552734,103.83999633789062,46.86000061035156,44.70000076293945,41.650001525878906,7.21,17.8,12.73,1271.5,1306.9000244140625,1065.800048828125,45233.62,46176.38,43538.96,40081.7421875,400.6505122067471,46.6000010172526,1.7842649640096102,1297.2333577473958,22.5143144208748
1150.0,8.45,152.796405701051,53.720001220703125,6.37,102.87000274658205,48137.63,2016,12,4,-2.4492935982947064e-16,1.0,0.1800003051758096,-146.42640570105098,5526.176673120121,42622.37109375,40541.80859375,32816.30859375,153.841316297098,152.295719373779,147.346906689726,7.24,15.97,21.87,102.80999755859376,103.23999786376952,103.36000061035156,49.43999862670898,48.2400016784668,37.040000915527344,9.37,18.61,24.87,1170.800048828125,1313.300048828125,1060.300048828125,47026.57,47583.12,43324.07,41019.33984375,1425.5692780786112,48.18000030517578,1.2910451443305369,1251.86669921875,73.25068173522716
1208.5999755859375,14.55,153.064889673647,52.810001373291016,12.13,102.94000244140624,47618.13,2017,1,1,0.4999999999999999,0.8660254037844387,0.0600051879882812,-140.934889673647,5436.261670297244,47806.96875,39893.83984375,31298.599609375,152.796405701051,153.522038059417,147.658928603823,6.37,5.19,13.07,102.87000274658205,102.62999725341795,103.22000122070312,53.720001220703125,46.86000061035156,33.619998931884766,8.45,7.21,15.54,1150.0,1271.5,1116.4000244140625,48137.63,45233.62,42432.8,43441.059895833336,4019.588385360473,50.00666681925456,3.464929540962965,1197.433349609375,64.98124370061461
1252.5999755859375,10.37,153.500269088666,54.0099983215332,8.19,104.6999969482422,47630.0,2017,2,1,0.8660254037844386,0.5000000000000001,0.0699996948241903,-145.310269088666,5654.846659439093,48757.671875,42622.37109375,31369.509765625,153.064889673647,153.841316297098,147.288856101056,12.13,7.24,16.91,102.94000244140624,102.80999755859376,104.0199966430664,52.810001373291016,49.43999862670898,33.75,14.55,9.37,19.61,1208.5999755859375,1170.800048828125,1233.9000244140625,47618.13,47026.57,44257.46,46395.67057291666,3302.166081162601,51.99000040690104,2.254752035104785,1176.4666748046875,29.70811795010037
1247.300048828125,22.22,154.791894686557,50.59999847412109,19.38,103.88999938964844,49230.59,2017,3,1,1.0,6.123233995736766e-17,1.759994506835966,-135.411894686557,5256.833810592651,48534.23046875,47806.96875,33139.0,153.500269088666,152.796405701051,147.506545808566,8.19,6.37,11.03,104.6999969482422,102.87000274658205,103.1999969482422,54.0099983215332,53.720001220703125,38.34000015258789,10.37,8.45,13.38,1252.5999755859375,1150.0,1234.199951171875,47630.0,48137.63,44841.65,48366.290364583336,497.1036279407259,53.51333363850912,0.6261244174240883,1203.7333170572915,51.472827991910826
1266.0999755859375,19.87,156.954279114487,49.33000183105469,17.16,103.55999755859376,49115.84,2017,4,2,0.8660254037844387,-0.4999999999999998,-0.8099975585937642,-139.794279114487,5108.61486918945,48155.9296875,48757.671875,34719.2890625,154.791894686557,153.064889673647,149.792287737418,19.38,12.13,6.59,103.88999938964844,102.94000244140624,104.6500015258789,50.59999847412109,52.810001373291016,45.91999816894531,22.22,14.55,8.68,1247.300048828125,1208.5999755859375,1289.199951171875,49230.59,47618.13,45027.61,48482.610677083336,304.1740738838709,52.47333272298177,1.7297497145289795,1236.1666666666667,24.020078034117017
1272.0,15.22,156.976048085238,48.31999969482422,12.76,104.75,50597.4,2017,5,2,0.4999999999999999,-0.8660254037844387,-0.3300018310546733,-144.216048085238,5061.519968032837,49300.8984375,48534.23046875,36061.55859375,156.954279114487,153.500269088666,149.473009499737,17.16,8.19,19.05,103.55999755859376,104.6999969482422,103.38999938964844,49.33000183105469,54.0099983215332,49.09999847412109,19.87,10.37,21.87,1266.0999755859375,1252.5999755859375,1214.800048828125,49115.84,47630.0,45276.24,48663.68619791666,583.3587652377429,51.313332875569664,2.420170709669053,1255.3333333333333,9.69343824225832
1240.699951171875,7.53,156.337491609876,46.040000915527344,5.5,103.13999938964844,50043.48,2017,6,2,1.2246467991473532e-16,-1.0,1.1900024414062358,-150.837491609876,4748.565666326904,50591.5703125,48155.9296875,37783.5390625,156.976048085238,154.791894686557,150.423587889196,12.76,19.38,18.26,104.75,103.88999938964844,104.5500030517578,48.31999969482422,50.59999847412109,48.33000183105469,15.22,22.22,21.04,1272.0,1247.300048828125,1318.4000244140625,50597.4,49230.59,46062.61,49349.466145833336,1218.546441567644,49.41666666666666,1.1424673753317254,1261.8000081380208,12.899193269866574
1266.5999755859375,16.45,156.874459555066,50.16999816894531,13.93,103.5999984741211,50362.2,2017,7,3,-0.4999999999999997,-0.8660254037844388,-1.6100006103515625,-142.944459555066,5197.611733749392,46565.2890625,49300.8984375,39505.28125,156.337491609876,156.954279114487,152.440845845452,5.5,17.16,12.22,103.13999938964844,103.55999755859376,103.47000122070312,46.040000915527344,49.33000183105469,41.59999847412109,7.53,19.87,14.65,1240.699951171875,1266.0999755859375,1349.0,50043.48,49115.84,46144.7,48819.25260416666,2055.899367089964,47.89666748046875,1.685358753745306,1259.5999755859375,16.63161940885537
1316.199951171875,8.89,157.17922514558,47.22999954223633,6.78,104.37999725341795,51172.09,2017,8,3,-0.8660254037844384,-0.5000000000000004,0.4599990844726562,-150.39922514558,4929.867222497559,46010.44921875,50591.5703125,39809.578125,156.874459555066,156.976048085238,151.990953783266,13.93,12.76,15.2,103.5999984741211,104.75,103.54000091552734,50.16999816894531,48.31999969482422,44.70000076293945,16.45,15.22,17.8,1266.5999755859375,1272.0,1306.9000244140625,50362.2,50597.4,46176.38,47722.43619791666,2500.1819411099955,48.176666259765625,2.06872610161765,1259.7666422526042,16.73153004044602
1281.5,15.01,158.173341476541,51.66999816894531,12.57,105.3000030517578,51682.49,2017,9,3,-1.0,-1.8369701987210294e-16,0.7799987792968608,-145.603341476541,5440.850964874261,41206.98828125,46565.2890625,40541.80859375,157.17922514558,156.337491609876,152.295719373779,6.78,5.5,15.97,104.37999725341795,103.13999938964844,103.23999786376952,47.22999954223633,46.040000915527344,48.2400016784668,8.89,7.53,18.61,1316.199951171875,1240.699951171875,1313.300048828125,51172.09,50043.48,47583.12,44594.2421875,2946.536709784478,47.813332875569664,2.125894555626699,1274.4999593098958,38.3649554558502
1267.0,10.32,159.356122220677,54.380001068115234,8.14,103.91000366210938,51449.71,2017,10,4,-0.8660254037844386,0.5000000000000001,0.9200057983398438,-151.216122220677,5650.626110133366,42409.26953125,46010.44921875,39893.83984375,158.173341476541,156.874459555066,153.522038059417,12.57,13.93,5.19,105.3000030517578,103.5999984741211,102.62999725341795,51.66999816894531,50.16999816894531,46.86000061035156,15.01,16.45,7.21,1281.5,1266.5999755859375,1271.5,51682.49,50362.2,45233.62,43208.90234375,2499.5737077834056,49.68999862670898,2.258582879086916,1288.0999755859375,25.45013070365051
1273.199951171875,12.19,159.943884430953,57.400001525878906,9.9,104.04000091552734,50621.6,2017,11,4,-0.5000000000000004,0.8660254037844384,-1.3899993896484233,-150.043884430953,5971.896211303712,39617.19140625,41206.98828125,42622.37109375,159.356122220677,157.17922514558,153.841316297098,8.14,6.78,7.24,103.91000366210938,104.37999725341795,102.80999755859376,54.380001068115234,47.22999954223633,49.43999862670898,10.32,8.89,9.37,1267.0,1316.199951171875,1170.800048828125,51449.71,51172.09,47026.57,41077.81640625,1400.5138678335652,51.09333292643229,3.609714331697088,1288.2333170572915,25.281652789612085
1306.300048828125,23.21,159.784245312113,60.41999816894531,20.31,109.33999633789062,53043.29,2017,12,4,-2.4492935982947064e-16,1.0,0.1299972534179687,-139.474245312113,6606.322378527839,40010.359375,42409.26953125,47806.96875,159.943884430953,158.173341476541,152.796405701051,9.9,12.57,6.37,104.04000091552734,105.3000030517578,102.87000274658205,57.400001525878906,51.66999816894531,53.720001220703125,12.19,15.01,8.45,1273.199951171875,1281.5,1150.0,50621.6,51682.49,48137.63,40678.94010416666,1511.3488040772204,54.48333358764648,2.866398929809248,1273.8999837239585,7.275303030166645
1339.0,10.96,159.835039577198,64.7300033569336,8.74,110.47000122070312,51193.83,2018,1,1,0.4999999999999999,0.8660254037844387,5.299995422363281,-151.09503957719798,7150.723549856572,40471.48046875,39617.19140625,48757.671875,159.784245312113,159.356122220677,153.064889673647,20.31,8.14,12.13,109.33999633789062,103.91000366210938,102.94000244140624,60.41999816894531,54.380001068115234,52.810001373291016,23.21,10.32,14.55,1306.300048828125,1267.0,1208.5999755859375,53043.29,51449.71,47618.13,40033.01041666666,427.59472967192914,57.40000025431315,3.0199985504151337,1282.1666666666667,21.128770658675883
1315.5,16.2,159.334353249926,61.63999938964844,13.69,110.47000122070312,54329.45,2018,2,1,0.8660254037844386,0.5000000000000001,1.1300048828125,-145.644353249926,6809.370807818603,44049.05078125,40010.359375,48534.23046875,159.835039577198,159.943884430953,153.500269088666,8.74,9.9,8.19,110.47000122070312,104.04000091552734,104.6999969482422,64.7300033569336,57.400001525878906,54.0099983215332,10.96,12.19,10.37,1339.0,1273.199951171875,1252.5999755859375,51193.83,50621.6,47630.0,41510.296875,2210.6812780566115,60.8500010172526,3.683871407633513,1306.1666666666667,32.90022719597724
1322.800048828125,21.1,159.820526930031,64.94000244140625,18.31,115.3499984741211,54125.38,2018,3,1,1.0,6.123233995736766e-17,0.0,-141.510526930031,7490.829182525631,43239.44140625,40471.48046875,48155.9296875,159.334353249926,159.784245312113,154.791894686557,13.69,20.31,19.38,110.47000122070312,109.33999633789062,103.88999938964844,61.63999938964844,60.41999816894531,50.59999847412109,16.2,23.21,22.22,1315.5,1306.300048828125,1247.300048828125,54329.45,53043.29,49230.59,42586.657552083336,1875.992378826695,62.26333363850912,2.221586228232563,1320.2666829427085,16.863055813471217
1316.199951171875,10.71,162.723056363493,68.56999969482422,8.5,115.4499969482422,54406.79,2018,4,2,0.8660254037844387,-0.4999999999999998,4.879997253417969,-154.223056363493,7916.406255508425,45489.62109375,44049.05078125,49300.8984375,159.820526930031,159.835039577198,156.954279114487,18.31,8.74,17.16,115.3499984741211,110.47000122070312,103.55999755859376,64.94000244140625,64.7300033569336,49.33000183105469,21.1,10.96,19.87,1322.800048828125,1339.0,1266.0999755859375,54125.38,51193.83,49115.84,44259.37109375,1139.738185679921,63.77000172932943,1.847622087753258,1325.7666829427085,12.027601110679594
1300.0999755859375,12.31,163.557533575614,67.04000091552734,10.01,115.4000015258789,55939.58,2018,5,2,0.4999999999999999,-0.8660254037844387,0.0999984741211079,-153.547533575614,7736.416207946779,45488.859375,43239.44140625,50591.5703125,162.723056363493,159.334353249926,156.976048085238,8.5,13.69,12.76,115.4499969482422,110.47000122070312,104.75,68.56999969482422,61.63999938964844,48.31999969482422,10.71,16.2,15.22,1316.199951171875,1315.5,1272.0,54406.79,54329.45,50597.4,44739.30729166666,1298.9220148767172,65.0500005086263,3.466309382978838,1318.1666666666667,4.027859928250444
1251.300048828125,13.89,164.486342994322,74.1500015258789,11.51,121.68489837646484,55520.48,2018,6,2,1.2246467991473532e-16,-1.0,-0.0499954223632954,-152.976342994322,9022.935400291288,42846.640625,45489.62109375,46565.2890625,163.557533575614,159.820526930031,156.337491609876,10.01,18.31,5.5,115.4000015258789,115.3499984741211,103.13999938964844,67.04000091552734,64.94000244140625,46.040000915527344,12.31,21.1,7.53,1300.0999755859375,1322.800048828125,1240.699951171875,55939.58,54125.38,50043.48,44608.37369791666,1525.7056433697,66.85000101725261,1.822442039122948,1313.0333251953125,11.676642126785104
1223.699951171875,21.94,166.024683594057,68.76000213623047,19.11,121.54000091552734,54606.7,2018,7,3,-0.4999999999999997,-0.8660254037844388,6.2848968505859375,-146.914683594057,8357.090722589113,41910.8984375,45488.859375,46010.44921875,164.486342994322,162.723056363493,156.874459555066,11.51,8.5,13.93,121.68489837646484,115.4499969482422,103.5999984741211,74.1500015258789,68.56999969482422,50.16999816894531,13.89,10.71,16.45,1251.300048828125,1316.199951171875,1266.5999755859375,55520.48,54406.79,50362.2,43415.466145833336,1855.5654050537917,69.92000071207683,3.742312684655817,1289.1999918619792,33.795067168808146
1200.300048828125,18.92,166.365730802489,69.80000305175781,16.26,122.97000122070312,55541.98,2018,8,3,-0.8660254037844384,-0.5000000000000004,-0.1448974609375,-150.105730802489,8583.30646047974,42712.4296875,42846.640625,41206.98828125,166.024683594057,163.557533575614,157.17922514558,19.11,10.01,6.78,121.54000091552734,115.4000015258789,104.37999725341795,68.76000213623047,67.04000091552734,47.22999954223633,21.94,12.31,8.89,1223.699951171875,1300.0999755859375,1316.199951171875,54606.7,55939.58,51172.09,42489.989583333336,505.9773318272957,69.98333485921223,3.7095059486590696,1258.3666585286458,38.68712527588762
